datetime,temp_f,temp_c
2026-02-25T14:21:27,89.29,31.83
2026-02-25T14:23:07,89.68,32.04
2026-03-17T09:00:06,67.52,19.73
2026-03-17T10:00:06,70.14,21.19
2026-03-17T11:00:06,70.53,21.4
2026-03-17T12:00:06,68.52,20.29
2026-03-17T13:00:06,67.52,19.73
2026-03-17T14:00:06,67.13,19.52
2026-03-17T15:00:06,67.52,19.73
2026-03-17T16:00:06,67.59,19.77
2026-03-17T17:00:06,67.21,19.56
2026-03-17T18:00:06,65.97,18.87
2026-03-17T19:00:06,65.66,18.7
2026-03-17T20:00:06,67.44,19.69
2026-03-17T21:00:06,68.44,20.25
2026-03-17T22:00:06,68.83,20.46
2026-03-17T23:00:06,68.75,20.42
2026-03-18T00:00:06,68.67,20.37
2026-03-18T01:00:06,68.91,20.5
2026-03-18T02:00:06,68.75,20.42
2026-03-18T03:00:06,68.44,20.25
2026-03-18T04:00:06,68.44,20.25
2026-03-18T05:00:06,68.29,20.16
2026-03-18T06:00:06,67.75,19.86
2026-03-18T07:00:06,68.06,20.03
2026-03-18T08:00:06,68.91,20.5
2026-03-18T09:00:06,70.68,21.49
2026-03-18T10:00:06,68.37,20.2
2026-03-18T11:00:06,66.51,19.17
2026-03-18T12:00:06,66.59,19.22
2026-03-18T13:00:06,66.67,19.26
2026-03-18T14:00:06,69.91,21.06
2026-03-18T15:00:06,70.53,21.4
2026-03-18T16:00:06,70.61,21.45
2026-03-18T17:00:06,70.68,21.49
2026-03-18T18:00:06,69.06,20.59
2026-03-18T19:00:06,68.37,20.2
2026-03-18T20:00:06,66.13,18.96
2026-03-18T21:00:06,65.12,18.4
2026-03-18T22:00:06,64.5,18.06
2026-03-18T23:00:06,64.12,17.84
2026-03-19T00:00:06,63.58,17.54
2026-03-19T01:00:06,63.11,17.29
2026-03-19T02:00:06,62.81,17.11
2026-03-19T03:00:06,62.42,16.9
2026-03-19T04:00:06,62.27,16.81
2026-03-19T05:00:06,61.88,16.6
2026-03-19T06:00:06,66.44,19.13
2026-03-19T07:00:06,67.44,19.69
2026-03-19T08:00:06,68.29,20.16
2026-03-19T09:00:06,69.83,21.02
2026-03-19T10:00:06,71.45,21.92
2026-03-19T11:00:06,69.52,20.85
2026-03-19T12:00:06,69.45,20.8
2026-03-19T13:00:06,69.68,20.93
2026-03-19T14:00:06,69.83,21.02
2026-03-19T15:00:06,69.83,21.02
2026-03-19T16:00:06,69.22,20.68
2026-03-19T17:00:06,69.99,21.1
2026-03-19T18:00:06,68.06,20.03
2026-03-19T19:00:06,66.74,19.3
2026-03-19T20:00:06,65.51,18.62
2026-03-19T21:00:06,64.81,18.23
2026-03-19T22:00:06,64.35,17.97
2026-03-19T23:00:06,64.12,17.84
2026-03-20T00:00:06,63.81,17.67
2026-03-20T01:00:06,63.58,17.54
2026-03-20T02:00:06,63.35,17.41
2026-03-20T03:00:06,63.19,17.33
2026-03-20T04:00:06,63.19,17.33
2026-03-20T05:00:06,63.11,17.29
2026-03-20T06:00:06,67.67,19.82
2026-03-20T07:00:06,69.52,20.85
2026-03-20T08:00:06,69.83,21.02
2026-03-20T09:00:06,71.69,22.05
2026-03-20T10:00:06,64.5,18.06
2026-03-20T11:00:06,66.2,19.0
2026-03-20T12:00:06,69.76,20.98
2026-03-20T13:00:06,74.62,23.68
2026-03-20T14:00:06,78.71,25.95
2026-03-20T15:00:06,80.34,26.85
2026-03-20T16:00:06,74.08,23.38
2026-03-20T17:00:06,72.84,22.69
2026-03-20T18:00:06,70.76,21.53
2026-03-20T19:00:06,70.3,21.28
2026-03-20T20:00:06,69.83,21.02
2026-03-20T21:00:06,69.45,20.8
2026-03-20T22:00:06,68.98,20.55
2026-03-20T23:00:06,68.44,20.25
2026-03-21T00:00:06,67.75,19.86
2026-03-21T01:00:06,67.36,19.65
2026-03-21T02:00:06,66.9,19.39
2026-03-21T03:00:06,66.59,19.22
2026-03-21T04:00:06,66.36,19.09
2026-03-21T05:00:06,65.97,18.87
2026-03-21T06:00:06,65.59,18.66
2026-03-21T07:00:06,65.43,18.57
2026-03-21T08:00:06,65.51,18.62
2026-03-21T09:00:06,66.05,18.92
2026-03-21T10:00:06,66.51,19.17
2026-03-21T11:00:06,68.13,20.07
2026-03-21T12:00:06,73.69,23.16
2026-03-21T13:00:06,77.86,25.48
2026-03-21T14:00:06,80.64,27.02
2026-03-21T15:00:06,82.42,28.01
2026-03-21T16:00:06,78.64,25.91
2026-03-21T17:00:06,74.47,23.59
2026-03-21T18:00:06,72.61,22.56
2026-03-21T19:00:06,71.92,22.18
2026-03-21T20:00:06,71.07,21.7
2026-03-21T21:00:06,70.61,21.45
2026-03-21T22:00:06,70.14,21.19
2026-03-21T23:00:06,69.76,20.98
2026-03-22T00:00:06,69.29,20.72
2026-03-22T01:00:06,68.75,20.42
2026-03-22T02:00:06,68.21,20.12
2026-03-22T03:00:06,67.83,19.9
2026-03-22T04:00:06,67.52,19.73
2026-03-22T05:00:06,66.98,19.43
2026-03-22T06:00:06,66.59,19.22
2026-03-22T07:00:06,66.2,19.0
2026-03-22T08:00:06,66.36,19.09
2026-03-22T09:00:06,66.74,19.3
2026-03-22T10:00:06,69.6,20.89
2026-03-22T11:00:06,70.22,21.23
2026-03-22T12:00:06,79.25,26.25
2026-03-22T13:00:06,81.18,27.32
2026-03-22T14:00:06,83.96,28.87
2026-03-22T15:00:06,85.35,29.64
2026-03-22T16:00:06,79.25,26.25
2026-03-22T17:00:06,74.16,23.42
2026-03-22T18:00:06,72.69,22.61
2026-03-22T19:00:06,71.92,22.18
2026-03-22T20:00:06,71.22,21.79
2026-03-22T21:00:06,70.53,21.4
2026-03-22T22:00:06,69.99,21.1
2026-03-22T23:00:06,69.37,20.76
2026-03-23T00:00:06,69.06,20.59
2026-03-23T01:00:06,68.75,20.42
2026-03-23T02:00:06,68.21,20.12
2026-03-23T03:00:06,67.9,19.95
2026-03-23T04:00:06,67.9,19.95
2026-03-23T05:00:06,67.9,19.95
2026-03-23T06:00:06,67.75,19.86
2026-03-23T07:00:06,67.75,19.86
2026-03-23T08:00:06,67.83,19.9
2026-03-23T09:00:06,67.9,19.95
2026-03-23T10:00:06,70.45,21.36
2026-03-23T11:00:06,72.61,22.56
2026-03-23T12:00:06,82.65,28.14
2026-03-23T13:00:06,84.27,29.04
2026-03-23T14:00:06,89.06,31.7
2026-03-23T15:00:06,89.29,31.83
2026-03-23T16:00:06,79.33,26.3
2026-03-23T17:00:06,75.08,23.94
2026-03-23T18:00:06,73.77,23.21
2026-03-23T19:00:06,72.92,22.73
2026-03-23T20:00:06,72.3,22.39
2026-03-23T21:00:06,71.69,22.05
2026-03-23T22:00:06,71.3,21.83
2026-03-23T23:00:06,70.99,21.66
2026-03-24T00:00:06,70.53,21.4
2026-03-24T01:00:06,70.06,21.15
2026-03-24T02:00:06,69.76,20.98
2026-03-24T03:00:06,69.14,20.63
2026-03-24T04:00:06,68.75,20.42
2026-03-24T05:00:06,68.29,20.16
2026-03-24T06:00:06,68.29,20.16
2026-03-24T07:00:06,68.06,20.03
2026-03-24T08:00:06,67.75,19.86
2026-03-24T09:00:06,68.6,20.33
2026-03-24T10:00:06,70.37,21.32
2026-03-24T11:00:06,71.76,22.09
2026-03-24T12:00:06,73.93,23.29
2026-03-24T13:00:06,78.1,25.61
2026-03-24T14:00:06,81.8,27.67
2026-03-24T15:00:06,84.66,29.26
2026-03-24T16:00:06,79.1,26.17
2026-03-24T17:00:06,74.62,23.68
2026-03-24T18:00:06,72.84,22.69
2026-03-24T19:00:06,71.76,22.09
2026-03-24T20:00:06,71.3,21.83
2026-03-24T21:00:06,70.91,21.62
2026-03-24T22:00:06,70.53,21.4
2026-03-24T23:00:06,70.3,21.28
2026-03-25T00:00:06,69.91,21.06
2026-03-25T01:00:06,69.91,21.06
2026-03-25T02:00:06,70.06,21.15
2026-03-25T03:00:06,70.06,21.15
2026-03-25T04:00:06,69.83,21.02
2026-03-25T05:00:06,69.6,20.89
2026-03-25T06:00:06,69.14,20.63
2026-03-25T07:00:06,68.83,20.46
2026-03-25T08:00:06,68.67,20.37
2026-03-25T09:00:06,69.29,20.72
2026-03-25T10:00:06,70.76,21.53
2026-03-25T11:00:06,71.76,22.09
2026-03-25T12:00:06,74.0,23.34
2026-03-25T13:00:06,82.81,28.23
2026-03-25T14:00:06,87.9,31.06
2026-03-25T15:00:06,81.49,27.5
2026-03-25T16:00:06,79.79,26.55
2026-03-25T17:00:06,76.32,24.62
2026-03-25T18:00:06,74.31,23.51
2026-03-25T19:00:06,73.31,22.95
2026-03-25T20:00:06,72.23,22.35
2026-03-25T21:00:06,71.84,22.13
2026-03-25T22:00:06,71.53,21.96
2026-03-25T23:00:06,71.22,21.79
2026-03-26T00:00:06,70.68,21.49
2026-03-26T01:00:06,70.37,21.32
2026-03-26T02:00:06,70.06,21.15
2026-03-26T03:00:06,69.99,21.1
2026-03-26T04:00:06,69.91,21.06
2026-03-26T05:00:06,69.6,20.89
2026-03-26T06:00:06,69.22,20.68
2026-03-26T07:00:06,69.06,20.59
2026-03-26T08:00:06,68.67,20.37
2026-03-26T09:00:06,69.22,20.68
2026-03-26T10:00:06,71.53,21.96
2026-03-26T11:00:06,75.24,24.02
2026-03-26T12:00:06,77.17,25.09
2026-03-26T13:00:06,84.27,29.04
2026-03-26T14:00:06,84.89,29.38
2026-03-26T15:00:06,87.13,30.63
2026-03-26T16:00:06,79.49,26.38
2026-03-26T17:00:06,75.7,24.28
2026-03-26T18:00:06,74.23,23.46
2026-03-26T19:00:06,73.15,22.86
2026-03-26T20:00:06,72.61,22.56
2026-03-26T21:00:06,72.0,22.22
2026-03-26T22:00:06,71.53,21.96
2026-03-26T23:00:06,70.99,21.66
2026-03-27T00:00:06,70.14,21.19
2026-03-27T01:00:06,69.52,20.85
2026-03-27T02:00:06,69.99,21.1
2026-03-27T03:00:06,69.99,21.1
2026-03-27T04:00:06,70.06,21.15
2026-03-27T05:00:06,69.91,21.06
2026-03-27T06:00:06,69.68,20.93
2026-03-27T07:00:06,69.45,20.8
2026-03-27T08:00:06,69.52,20.85
2026-03-27T09:00:06,70.14,21.19
2026-03-27T10:00:06,71.3,21.83
2026-03-27T11:00:06,73.93,23.29
2026-03-27T12:00:06,81.8,27.67
2026-03-27T13:00:06,88.6,31.44
2026-03-27T14:00:06,90.53,32.52
2026-03-27T15:00:06,92.07,33.37
2026-03-27T16:00:06,81.8,27.67
2026-03-27T17:00:06,77.79,25.44
2026-03-27T18:00:06,76.32,24.62
2026-03-27T19:00:06,75.78,24.32
2026-03-27T20:00:06,74.23,23.46
2026-03-27T21:00:06,72.07,22.26
2026-03-27T22:00:06,71.38,21.88
2026-03-27T23:00:06,70.84,21.58
2026-03-28T00:00:06,70.76,21.53
2026-03-28T01:00:06,70.61,21.45
2026-03-28T02:00:06,70.06,21.15
2026-03-28T03:00:06,69.6,20.89
2026-03-28T04:00:06,69.06,20.59
2026-03-28T05:00:06,68.67,20.37
2026-03-28T06:00:06,68.06,20.03
2026-03-28T07:00:06,67.44,19.69
2026-03-28T08:00:06,66.9,19.39
2026-03-28T09:00:06,66.82,19.35
2026-03-28T10:00:06,67.44,19.69
2026-03-28T11:00:06,68.21,20.12
2026-03-28T12:00:06,72.92,22.73
2026-03-28T13:00:06,74.31,23.51
2026-03-28T14:00:06,83.12,28.4
2026-03-28T15:00:06,83.89,28.83
2026-03-28T16:00:06,75.86,24.36
2026-03-28T17:00:06,70.61,21.45
2026-03-28T18:00:06,69.45,20.8
2026-03-28T19:00:06,68.67,20.37
2026-03-28T20:00:06,68.13,20.07
2026-03-28T21:00:06,67.52,19.73
2026-03-28T22:00:06,67.13,19.52
2026-03-28T23:00:06,67.05,19.47
2026-03-29T00:00:06,66.51,19.17
2026-03-29T01:00:06,65.89,18.83
2026-03-29T02:00:06,65.74,18.74
2026-03-29T03:00:06,65.89,18.83
2026-03-29T04:00:06,65.51,18.62
2026-03-29T05:00:06,65.28,18.49
2026-03-29T06:00:06,64.89,18.27
2026-03-29T07:00:06,64.74,18.19
2026-03-29T08:00:06,64.74,18.19
2026-03-29T09:00:06,64.74,18.19
2026-03-29T10:00:06,69.76,20.98
2026-03-29T11:00:06,73.0,22.78
2026-03-29T12:00:06,79.95,26.64
2026-03-29T13:00:06,85.2,29.56
2026-03-29T14:00:06,86.82,30.46
2026-03-29T15:00:06,88.52,31.4
2026-03-29T16:00:06,77.09,25.05
2026-03-29T17:00:06,73.77,23.21
2026-03-29T18:00:06,72.23,22.35
2026-03-29T19:00:06,71.3,21.83
2026-03-29T20:00:06,70.22,21.23
2026-03-29T21:00:06,69.52,20.85
2026-03-29T22:00:06,69.29,20.72
2026-03-29T23:00:06,69.06,20.59
2026-03-30T00:00:06,68.98,20.55
2026-03-30T01:00:06,69.06,20.59
2026-03-30T02:00:06,68.98,20.55
2026-03-30T03:00:06,68.52,20.29
2026-03-30T04:00:06,68.52,20.29
2026-03-30T05:00:06,68.37,20.2
2026-03-30T06:00:06,68.21,20.12
2026-03-30T07:00:06,68.13,20.07
2026-03-30T08:00:06,68.21,20.12
2026-03-30T09:00:06,68.44,20.25
2026-03-30T10:00:06,69.91,21.06
2026-03-30T11:00:06,73.23,22.91
2026-03-30T12:00:06,76.17,24.54
2026-03-30T13:00:06,79.72,26.51
2026-03-30T14:00:06,79.49,26.38
2026-03-30T15:00:06,83.73,28.74
2026-03-30T16:00:06,76.01,24.45
2026-03-30T17:00:06,72.84,22.69
2026-03-30T18:00:06,71.92,22.18
2026-03-30T19:00:06,71.3,21.83
2026-03-30T20:00:06,71.22,21.79
2026-03-30T21:00:06,70.99,21.66
2026-03-30T22:00:06,70.84,21.58
2026-03-30T23:00:06,70.61,21.45
2026-03-31T00:00:06,70.53,21.4
2026-03-31T01:00:06,70.45,21.36
2026-03-31T02:00:06,70.3,21.28
2026-03-31T03:00:06,70.3,21.28
2026-03-31T04:00:06,70.14,21.19
2026-03-31T05:00:06,69.91,21.06
2026-03-31T06:00:06,69.99,21.1
2026-03-31T07:00:06,69.91,21.06
2026-03-31T08:00:06,69.91,21.06
2026-03-31T09:00:06,70.53,21.4
2026-03-31T10:00:06,72.3,22.39
2026-03-31T11:00:06,72.69,22.61
2026-03-31T12:00:06,80.18,26.77
2026-03-31T13:00:06,82.57,28.1
2026-03-31T14:00:06,86.82,30.46
2026-03-31T15:00:06,82.73,28.18
2026-03-31T16:00:06,78.48,25.82
2026-03-31T17:00:06,75.93,24.41
2026-03-31T18:00:06,74.47,23.59
2026-03-31T19:00:06,73.31,22.95
2026-03-31T20:00:06,72.92,22.73
2026-03-31T21:00:06,72.84,22.69
2026-03-31T22:00:06,72.38,22.43
2026-03-31T23:00:06,71.92,22.18
2026-04-01T00:00:06,71.84,22.13
2026-04-01T01:00:06,71.69,22.05
2026-04-01T02:00:06,71.3,21.83
2026-04-01T03:00:06,71.22,21.79
2026-04-01T04:00:06,71.07,21.7
2026-04-01T05:00:06,70.84,21.58
2026-04-01T06:00:06,70.76,21.53
2026-04-01T07:00:06,70.68,21.49
2026-04-01T08:00:06,70.61,21.45
2026-04-01T09:00:06,71.3,21.83
2026-04-01T10:00:06,72.61,22.56
2026-04-01T11:00:06,75.55,24.19
2026-04-01T12:00:06,79.25,26.25
2026-04-01T13:00:06,82.73,28.18
2026-04-01T14:00:06,82.57,28.1
2026-04-01T15:00:06,82.88,28.27
2026-04-01T16:00:06,79.79,26.55
2026-04-01T17:00:06,76.4,24.66
2026-04-01T18:00:06,75.24,24.02
2026-04-01T19:00:06,74.16,23.42
2026-04-01T20:00:06,73.62,23.12
2026-04-01T21:00:06,73.39,22.99
2026-04-01T22:00:06,73.0,22.78
2026-04-01T23:00:06,72.84,22.69
2026-04-02T00:00:06,72.77,22.65
2026-04-02T01:00:06,72.54,22.52
2026-04-02T02:00:06,72.3,22.39
2026-04-02T03:00:06,72.23,22.35
2026-04-02T04:00:06,72.15,22.31
2026-04-02T05:00:06,72.0,22.22
2026-04-02T06:00:06,71.84,22.13
2026-04-02T07:00:06,73.0,22.78
2026-04-02T08:00:06,72.84,22.69
2026-04-02T09:00:06,72.77,22.65
2026-04-02T10:00:06,71.76,22.09
2026-04-02T11:00:06,71.69,22.05
2026-04-02T12:00:06,72.0,22.22
2026-04-02T13:00:06,72.3,22.39
2026-04-02T14:00:06,73.31,22.95
2026-04-02T15:00:06,75.24,24.02
2026-04-02T16:00:06,75.08,23.94
2026-04-02T17:00:06,75.39,24.11
2026-04-02T18:00:06,75.93,24.41
2026-04-02T19:00:06,74.85,23.81
2026-04-02T20:00:06,74.23,23.46
2026-04-02T21:00:06,73.93,23.29
2026-04-02T22:00:06,73.69,23.16
2026-04-02T23:00:06,73.39,22.99
2026-04-03T00:00:06,73.23,22.91
2026-04-03T01:00:06,73.08,22.82
2026-04-03T02:00:06,73.0,22.78
2026-04-03T03:00:06,72.77,22.65
2026-04-03T04:00:06,72.77,22.65
2026-04-03T05:00:06,72.61,22.56
2026-04-03T06:00:06,72.38,22.43
2026-04-03T07:00:06,72.46,22.48
2026-04-03T08:00:06,72.46,22.48
2026-04-03T09:00:06,72.92,22.73
2026-04-03T10:00:06,73.15,22.86
2026-04-03T11:00:06,74.7,23.72
2026-04-03T12:00:06,74.39,23.55
2026-04-03T13:00:06,76.78,24.88
2026-04-03T14:00:06,78.95,26.08
2026-04-03T15:00:06,78.48,25.82
2026-04-03T16:00:06,76.94,24.97
2026-04-03T17:00:06,75.39,24.11
2026-04-03T18:00:06,73.85,23.25
2026-04-03T19:00:06,73.77,23.21
2026-04-03T20:00:06,72.61,22.56
2026-04-03T21:00:06,72.3,22.39
2026-04-03T22:00:06,71.61,22.01
2026-04-03T23:00:06,71.92,22.18
2026-04-04T00:00:06,71.45,21.92
2026-04-04T01:00:06,71.76,22.09
2026-04-04T02:00:06,71.38,21.88
2026-04-04T03:00:06,71.3,21.83
2026-04-04T04:00:06,71.22,21.79
2026-04-04T05:00:06,71.07,21.7
2026-04-04T06:00:06,71.38,21.88
2026-04-04T07:00:06,70.91,21.62
2026-04-04T08:00:06,70.99,21.66
2026-04-04T09:00:06,73.0,22.78
2026-04-04T10:00:06,76.17,24.54
2026-04-04T11:00:06,74.39,23.55
2026-04-04T12:00:06,78.48,25.82
2026-04-04T13:00:06,73.39,22.99
2026-04-04T14:00:06,66.05,18.92
2026-04-04T15:00:06,65.51,18.62
2026-04-04T16:00:06,62.57,16.99
2026-04-04T17:00:06,60.88,16.04
2026-04-04T18:00:06,60.18,15.66
2026-04-04T19:00:06,60.8,16.0
2026-04-04T20:00:06,61.88,16.6
2026-04-04T21:00:06,62.81,17.11
2026-04-04T22:00:06,62.65,17.03
2026-04-04T23:00:06,62.88,17.16
2026-04-05T00:00:06,63.04,17.24
2026-04-05T01:00:06,61.65,16.47
2026-04-05T02:00:06,60.57,15.87
2026-04-05T03:00:06,60.18,15.66
2026-04-05T04:00:06,59.1,15.06
2026-04-05T05:00:06,58.4,14.67
2026-04-05T06:00:06,58.02,14.45
2026-04-05T07:00:06,57.17,13.98
2026-04-05T08:00:06,58.4,14.67
2026-04-05T09:00:06,59.49,15.27
2026-04-05T10:00:06,61.8,16.56
2026-04-05T11:00:06,64.74,18.19
2026-04-05T12:00:06,64.5,18.06
2026-04-05T13:00:06,66.74,19.3
2026-04-05T14:00:06,62.96,17.2
2026-04-05T15:00:06,63.66,17.59
2026-04-05T16:00:06,65.89,18.83
2026-04-05T17:00:06,63.58,17.54
2026-04-05T18:00:06,62.88,17.16
2026-04-05T19:00:06,62.27,16.81
2026-04-05T20:00:06,61.57,16.43
2026-04-05T21:00:06,60.8,16.0
2026-04-05T22:00:06,59.18,15.1
2026-04-05T23:00:06,58.64,14.8
2026-04-06T00:00:06,58.48,14.71
2026-04-06T01:00:06,57.63,14.24
2026-04-06T02:00:06,56.01,13.34
2026-04-06T03:00:06,56.09,13.38
2026-04-06T04:00:06,55.7,13.17
2026-04-06T05:00:06,55.39,13.0
2026-04-06T06:00:06,54.7,12.61
2026-04-06T07:00:06,54.08,12.27
2026-04-06T08:00:06,54.78,12.65
2026-04-06T09:00:06,58.48,14.71
2026-04-06T10:00:06,62.57,16.99
2026-04-06T11:00:06,66.36,19.09
2026-04-06T12:00:06,67.13,19.52
2026-04-06T13:00:06,70.53,21.4
2026-04-06T14:00:06,76.63,24.79
2026-04-06T15:00:06,77.56,25.31
2026-04-06T16:00:06,70.53,21.4
2026-04-06T17:00:06,69.06,20.59
2026-04-06T18:00:06,76.86,24.92
2026-04-06T19:00:06,66.2,19.0
2026-04-06T20:00:06,62.73,17.07
2026-04-06T21:00:06,61.11,16.17
2026-04-06T22:00:06,60.49,15.83
2026-04-06T23:00:06,59.33,15.18
2026-04-07T00:00:06,59.64,15.36
2026-04-07T01:00:06,58.17,14.54
2026-04-07T02:00:06,58.25,14.58
2026-04-07T03:00:06,56.55,13.64
2026-04-07T04:00:06,56.78,13.77
2026-04-07T05:00:06,57.25,14.03
2026-04-07T06:00:06,56.47,13.6
2026-04-07T07:00:06,56.4,13.55
2026-04-07T08:00:06,57.17,13.98
2026-04-07T09:00:06,59.18,15.1
2026-04-07T10:00:06,62.57,16.99
2026-04-07T11:00:06,64.97,18.32
2026-04-07T12:00:06,66.82,19.35
2026-04-07T13:00:06,70.61,21.45
2026-04-07T14:00:06,74.78,23.76
2026-04-07T15:00:06,75.08,23.94
2026-04-07T16:00:06,73.31,22.95
2026-04-07T17:00:06,68.91,20.5
2026-04-07T18:00:06,68.75,20.42
2026-04-07T19:00:06,66.13,18.96
2026-04-07T20:00:06,64.89,18.27
2026-04-07T21:00:06,63.96,17.76
2026-04-07T22:00:06,63.27,17.37
2026-04-07T23:00:06,62.65,17.03
2026-04-08T00:00:06,62.88,17.16
2026-04-08T01:00:06,62.34,16.86
2026-04-08T02:00:06,62.27,16.81
2026-04-08T03:00:06,61.18,16.21
2026-04-08T04:00:06,60.88,16.04
2026-04-08T05:00:06,58.64,14.8
2026-04-08T06:00:06,57.63,14.24
2026-04-08T07:00:06,57.17,13.98
2026-04-08T08:00:06,59.79,15.44
2026-04-08T09:00:06,63.04,17.24
2026-04-08T10:00:06,67.28,19.6
2026-04-08T11:00:06,69.99,21.1
2026-04-08T12:00:06,72.77,22.65
2026-04-08T13:00:06,75.62,24.24
2026-04-08T14:00:06,77.4,25.22
2026-04-08T15:00:06,78.71,25.95
2026-04-08T16:00:06,75.93,24.41
2026-04-08T17:00:06,74.23,23.46
2026-04-08T18:00:06,84.04,28.91
2026-04-08T19:00:06,71.69,22.05
2026-04-08T20:00:06,69.99,21.1
2026-04-08T21:00:06,69.06,20.59
2026-04-08T22:00:06,67.9,19.95
2026-04-08T23:00:06,66.9,19.39
2026-04-09T00:00:06,66.2,19.0
2026-04-09T01:00:06,65.28,18.49
2026-04-09T02:00:06,64.74,18.19
2026-04-09T03:00:06,63.58,17.54
2026-04-09T04:00:06,63.27,17.37
2026-04-09T05:00:06,64.12,17.84
2026-04-09T06:00:06,64.2,17.89
2026-04-09T07:00:06,64.43,18.02
2026-04-09T08:00:06,65.2,18.44
2026-04-09T09:00:06,69.91,21.06
2026-04-09T10:00:06,72.0,22.22
2026-04-09T11:00:06,73.85,23.25
2026-04-09T12:00:06,76.71,24.84
2026-04-09T13:00:06,79.79,26.55
2026-04-09T14:00:06,91.38,32.99
2026-04-09T15:00:06,87.29,30.71
2026-04-09T16:00:06,82.27,27.93
2026-04-09T17:00:06,78.4,25.78
2026-04-09T18:00:06,76.09,24.49
2026-04-09T19:00:06,73.31,22.95
2026-04-09T20:00:06,71.3,21.83
2026-04-09T21:00:06,70.37,21.32
2026-04-09T22:00:06,70.37,21.32
2026-04-09T23:00:06,69.45,20.8
2026-04-10T00:00:06,69.37,20.76
2026-04-10T01:00:06,68.6,20.33
2026-04-10T02:00:06,68.21,20.12
2026-04-10T03:00:06,67.05,19.47
2026-04-10T04:00:06,66.74,19.3
2026-04-10T05:00:06,66.51,19.17
2026-04-10T06:00:06,66.82,19.35
2026-04-10T07:00:06,66.82,19.35
2026-04-10T08:00:06,67.83,19.9
2026-04-10T09:00:06,70.76,21.53
2026-04-10T10:00:06,74.62,23.68
2026-04-10T11:00:06,74.62,23.68
2026-04-10T12:00:06,77.94,25.52
2026-04-10T13:00:06,80.72,27.07
2026-04-10T14:00:06,82.03,27.8
2026-04-10T15:00:06,77.17,25.09
2026-04-10T16:00:06,78.64,25.91
2026-04-10T17:00:06,77.86,25.48
2026-04-10T18:00:06,79.49,26.38
2026-04-10T19:00:06,72.07,22.26
2026-04-10T20:00:06,70.61,21.45
2026-04-10T21:00:06,69.76,20.98
2026-04-10T22:00:06,69.76,20.98
2026-04-10T23:00:06,69.06,20.59
2026-04-11T00:00:06,69.14,20.63
2026-04-11T01:00:06,69.45,20.8
2026-04-11T02:00:06,69.76,20.98
2026-04-11T03:00:06,69.76,20.98
2026-04-11T04:00:06,69.76,20.98
2026-04-11T05:00:06,69.52,20.85
2026-04-11T06:00:06,69.45,20.8
2026-04-11T07:00:06,68.75,20.42
2026-04-11T08:00:06,69.45,20.8
2026-04-11T09:00:06,72.3,22.39
2026-04-11T10:00:06,74.85,23.81
2026-04-11T11:00:06,78.1,25.61
2026-04-11T12:00:06,78.1,25.61
2026-04-11T13:00:06,79.87,26.6
2026-04-11T14:00:06,76.86,24.92
2026-04-11T15:00:06,81.26,27.37
2026-04-11T16:00:06,81.26,27.37
2026-04-11T17:00:06,82.34,27.97
2026-04-11T18:00:06,78.64,25.91
2026-04-11T19:00:06,76.17,24.54
2026-04-11T20:00:06,73.31,22.95
2026-04-11T21:00:06,72.69,22.61
2026-04-11T22:00:06,71.53,21.96
2026-04-11T23:00:06,70.84,21.58
2026-04-12T00:00:06,70.06,21.15
2026-04-12T01:00:06,70.84,21.58
2026-04-12T02:00:06,70.91,21.62
2026-04-12T03:00:06,70.76,21.53
2026-04-12T04:00:06,70.76,21.53
2026-04-12T05:00:06,70.37,21.32
2026-04-12T06:00:06,70.99,21.66
2026-04-12T07:00:06,71.15,21.75
2026-04-12T08:00:06,71.07,21.7
2026-04-12T09:00:06,71.15,21.75
2026-04-12T10:00:06,71.92,22.18
2026-04-12T11:00:06,73.08,22.82
2026-04-12T12:00:06,72.38,22.43
2026-04-12T13:00:06,71.53,21.96
2026-04-12T14:00:06,71.45,21.92
2026-04-12T15:00:06,71.61,22.01
2026-04-12T16:00:06,72.07,22.26
2026-04-12T17:00:06,75.62,24.24
2026-04-12T18:00:06,68.83,20.46
2026-04-12T19:00:06,66.67,19.26
2026-04-12T20:00:06,66.74,19.3
2026-04-12T21:00:06,66.59,19.22
2026-04-12T22:00:06,67.98,19.99
2026-04-12T23:00:06,68.13,20.07
2026-04-13T00:00:06,68.67,20.37
2026-04-13T01:00:06,69.91,21.06
2026-04-13T02:00:06,70.45,21.36
2026-04-13T03:00:06,70.68,21.49
2026-04-13T04:00:06,70.76,21.53
2026-04-13T05:00:06,70.84,21.58
2026-04-13T06:00:06,70.61,21.45
2026-04-13T07:00:06,70.61,21.45
2026-04-13T08:00:06,71.22,21.79
2026-04-13T09:00:06,74.7,23.72
2026-04-13T10:00:06,76.71,24.84
2026-04-13T11:00:06,78.33,25.74
2026-04-13T12:00:06,80.49,26.94
2026-04-13T13:00:06,82.81,28.23
2026-04-13T14:00:06,87.13,30.63
2026-04-13T15:00:06,99.18,37.32
2026-04-13T16:00:06,84.66,29.26
2026-04-13T17:00:06,82.96,28.31
2026-04-13T18:00:06,86.82,30.46
2026-04-13T19:00:06,77.94,25.52
2026-04-13T20:00:06,75.24,24.02
2026-04-13T21:00:06,74.16,23.42
2026-04-13T22:00:06,73.31,22.95
2026-04-13T23:00:06,72.46,22.48
2026-04-14T00:00:06,71.53,21.96
2026-04-14T01:00:06,71.07,21.7
2026-04-14T02:00:06,71.38,21.88
2026-04-14T03:00:06,71.38,21.88
2026-04-14T04:00:06,71.3,21.83
2026-04-14T05:00:06,70.76,21.53
2026-04-14T06:00:06,70.91,21.62
2026-04-14T07:00:06,70.99,21.66
2026-04-14T08:00:06,71.84,22.13
2026-04-14T09:00:06,73.39,22.99
2026-04-14T10:00:06,75.32,24.06
2026-04-14T11:00:06,77.25,25.14
2026-04-14T12:00:06,80.57,26.98
2026-04-14T13:00:06,87.29,30.71
2026-04-14T14:00:06,88.06,31.14
2026-04-14T15:00:06,101.8,38.78
2026-04-14T16:00:06,84.04,28.91
2026-04-14T17:00:06,83.04,28.35
2026-04-14T18:00:06,89.29,31.83
2026-04-14T19:00:06,77.86,25.48
2026-04-14T20:00:06,75.16,23.98
2026-04-14T21:00:06,74.08,23.38
2026-04-14T22:00:06,72.92,22.73
2026-04-14T23:00:06,73.0,22.78
2026-04-15T00:00:06,72.69,22.61
2026-04-15T01:00:06,72.3,22.39
2026-04-15T02:00:06,71.38,21.88
2026-04-15T03:00:06,70.3,21.28
2026-04-15T04:00:06,69.76,20.98
2026-04-15T05:00:06,69.68,20.93
2026-04-15T06:00:06,69.45,20.8
2026-04-15T07:00:06,69.52,20.85
2026-04-15T08:00:06,70.61,21.45
2026-04-15T09:00:06,73.39,22.99
2026-04-15T10:00:06,75.24,24.02
2026-04-15T11:00:06,78.64,25.91
2026-04-15T12:00:06,80.18,26.77
2026-04-15T13:00:06,83.35,28.53
2026-04-15T14:00:06,81.11,27.28
2026-04-15T15:00:06,90.61,32.56
2026-04-15T16:00:06,84.2,29.0
2026-04-15T17:00:06,80.72,27.07
2026-04-15T18:00:06,85.66,29.81
2026-04-15T19:00:06,77.17,25.09
2026-04-15T20:00:06,75.08,23.94
2026-04-15T21:00:06,73.62,23.12
2026-04-15T22:00:06,72.54,22.52
2026-04-15T23:00:06,71.84,22.13
2026-04-16T00:00:06,70.76,21.53
2026-04-16T01:00:06,69.99,21.1
2026-04-16T02:00:06,70.45,21.36
2026-04-16T03:00:06,70.91,21.62
2026-04-16T04:00:06,70.91,21.62
2026-04-16T05:00:06,70.61,21.45
2026-04-16T06:00:06,69.99,21.1
2026-04-16T07:00:06,70.06,21.15
2026-04-16T08:00:06,71.07,21.7
2026-04-16T09:00:06,74.39,23.55
2026-04-16T10:00:06,75.62,24.24
2026-04-16T11:00:06,78.95,26.08
2026-04-16T12:00:06,80.95,27.2
2026-04-16T13:00:06,85.2,29.56
2026-04-16T14:00:06,84.81,29.34
2026-04-16T15:00:06,98.17,36.76
2026-04-16T16:00:06,92.0,33.33
2026-04-16T17:00:06,83.66,28.7
2026-04-16T18:00:06,94.47,34.7
2026-04-16T19:00:06,79.18,26.21
2026-04-16T20:00:06,76.47,24.71
2026-04-16T21:00:06,75.24,24.02
2026-04-16T22:00:06,74.0,23.34
2026-04-16T23:00:06,72.61,22.56
2026-04-17T00:00:06,71.38,21.88
2026-04-17T01:00:06,70.68,21.49
2026-04-17T02:00:06,70.76,21.53
2026-04-17T03:00:06,71.61,22.01
2026-04-17T04:00:06,71.45,21.92
2026-04-17T05:00:06,70.99,21.66
2026-04-17T06:00:06,71.38,21.88
2026-04-17T07:00:06,70.76,21.53
2026-04-17T08:00:06,71.61,22.01
2026-04-17T09:00:06,73.39,22.99
2026-04-17T10:00:06,73.39,22.99
2026-04-17T11:00:06,74.0,23.34
2026-04-17T12:00:06,74.93,23.85
2026-04-17T13:00:06,76.09,24.49
2026-04-17T14:00:06,76.09,24.49
2026-04-17T15:00:06,76.4,24.66
2026-04-17T16:00:06,75.93,24.41
2026-04-17T17:00:06,75.86,24.36
2026-04-17T18:00:06,75.86,24.36
2026-04-17T19:00:06,75.7,24.28
2026-04-17T20:00:06,75.55,24.19
2026-04-17T21:00:06,75.24,24.02
2026-04-17T22:00:06,75.01,23.89
2026-04-17T23:00:06,74.78,23.76
2026-04-18T00:00:06,74.47,23.59
2026-04-18T01:00:06,74.23,23.46
2026-04-18T02:00:06,74.0,23.34
2026-04-18T03:00:06,73.77,23.21
2026-04-18T04:00:06,73.54,23.08
2026-04-18T05:00:06,73.39,22.99
2026-04-18T06:00:06,73.23,22.91
2026-04-18T07:00:06,73.08,22.82
2026-04-18T08:00:06,73.15,22.86
2026-04-18T09:00:06,73.15,22.86
2026-04-18T10:00:06,73.08,22.82
2026-04-18T11:00:06,73.39,22.99
2026-04-18T12:00:06,73.08,22.82
2026-04-18T13:00:06,73.15,22.86
2026-04-18T14:00:06,73.23,22.91
2026-04-18T15:00:06,72.84,22.69
2026-04-18T16:00:06,72.3,22.39
2026-04-18T17:00:06,71.76,22.09
2026-04-18T18:00:06,71.22,21.79
2026-04-18T19:00:06,70.68,21.49
2026-04-18T20:00:06,69.99,21.1
2026-04-18T21:00:06,69.76,20.98
2026-04-18T22:00:06,69.22,20.68
2026-04-18T23:00:06,68.91,20.5
2026-04-19T00:00:06,68.37,20.2
2026-04-19T01:00:06,68.29,20.16
2026-04-19T02:00:06,67.59,19.77
2026-04-19T03:00:06,67.44,19.69
2026-04-19T04:00:06,65.74,18.74
2026-04-19T05:00:06,64.89,18.27
2026-04-19T06:00:06,64.12,17.84
2026-04-19T07:00:06,63.73,17.63
2026-04-19T08:00:06,63.73,17.63
2026-04-19T09:00:06,63.81,17.67
2026-04-19T10:00:06,64.35,17.97
2026-04-19T11:00:06,64.97,18.32
2026-04-19T12:00:06,65.66,18.7
2026-04-19T13:00:06,69.91,21.06
2026-04-19T14:00:06,72.3,22.39
2026-04-19T15:00:06,69.83,21.02
2026-04-19T16:00:06,68.75,20.42
2026-04-19T17:00:06,68.75,20.42
2026-04-19T18:00:06,68.67,20.37
2026-04-19T19:00:06,68.13,20.07
2026-04-19T20:00:06,67.83,19.9
2026-04-19T21:00:06,67.52,19.73
2026-04-19T22:00:06,67.21,19.56
2026-04-19T23:00:06,66.9,19.39
2026-04-20T00:00:06,66.67,19.26
2026-04-20T01:00:06,66.28,19.04
2026-04-20T02:00:06,65.97,18.87
2026-04-20T03:00:06,65.74,18.74
2026-04-20T04:00:06,65.89,18.83
2026-04-20T05:00:06,65.51,18.62
2026-04-20T06:00:06,65.35,18.53
2026-04-20T07:00:06,65.12,18.4
2026-04-20T08:00:06,65.12,18.4
2026-04-20T09:00:06,65.28,18.49
2026-04-20T10:00:06,65.43,18.57
2026-04-20T11:00:06,65.43,18.57
2026-04-20T12:00:06,65.89,18.83
2026-04-20T13:00:06,66.82,19.35
2026-04-20T14:00:06,65.97,18.87
2026-04-20T15:00:06,66.28,19.04
2026-04-20T16:00:06,65.66,18.7
2026-04-20T17:00:06,65.82,18.79
2026-04-20T18:00:06,65.28,18.49
2026-04-20T19:00:06,65.28,18.49
2026-04-20T20:00:06,65.28,18.49
2026-04-20T21:00:06,65.2,18.44
2026-04-20T22:00:06,65.12,18.4
2026-04-20T23:00:06,65.2,18.44
2026-04-21T00:00:06,65.12,18.4
2026-04-21T01:00:06,65.28,18.49
2026-04-21T02:00:06,65.74,18.74
2026-04-21T03:00:06,66.36,19.09
2026-04-21T04:00:06,65.43,18.57
2026-04-21T05:00:06,65.28,18.49
2026-04-21T06:00:06,65.2,18.44
2026-04-21T07:00:06,65.43,18.57
2026-04-21T08:00:06,67.21,19.56
2026-04-21T09:00:06,65.28,18.49
2026-04-21T10:00:06,64.74,18.19
2026-04-21T11:00:06,64.89,18.27
2026-04-21T12:00:06,65.59,18.66
2026-04-21T13:00:06,66.05,18.92
2026-04-21T14:00:06,65.89,18.83
2026-04-21T15:00:06,66.59,19.22
2026-04-21T16:00:06,66.74,19.3
2026-04-21T17:00:06,67.44,19.69
2026-04-21T18:00:06,67.44,19.69
2026-04-21T19:00:06,67.52,19.73
2026-04-21T20:00:06,67.52,19.73
2026-04-21T21:00:06,67.52,19.73
2026-04-21T22:00:06,67.59,19.77
2026-04-21T23:00:06,67.52,19.73
2026-04-22T00:00:06,67.44,19.69
2026-04-22T01:00:06,67.21,19.56
2026-04-22T02:00:06,66.98,19.43
2026-04-22T03:00:06,66.82,19.35
2026-04-22T04:00:06,66.9,19.39
2026-04-22T05:00:06,66.98,19.43
2026-04-22T06:00:06,67.05,19.47
2026-04-22T07:00:06,66.82,19.35
2026-04-22T08:00:06,67.05,19.47
2026-04-22T09:00:06,67.59,19.77
2026-04-22T10:00:06,68.67,20.37
2026-04-22T11:00:06,71.45,21.92
2026-04-22T12:00:06,72.23,22.35
2026-04-22T13:00:06,73.08,22.82
2026-04-22T14:00:06,74.0,23.34
2026-04-22T15:00:06,73.39,22.99
2026-04-22T16:00:06,74.93,23.85
2026-04-22T17:00:06,73.69,23.16
2026-04-22T18:00:06,73.0,22.78
2026-04-22T19:00:06,71.84,22.13
2026-04-22T20:00:06,71.53,21.96
2026-04-22T21:00:06,71.53,21.96
2026-04-22T22:00:06,71.15,21.75
2026-04-22T23:00:06,70.99,21.66
2026-04-23T00:00:06,70.91,21.62
2026-04-23T01:00:06,70.76,21.53
2026-04-23T02:00:06,70.76,21.53
2026-04-23T03:00:06,70.68,21.49
2026-04-23T04:00:06,70.61,21.45
2026-04-23T05:00:06,70.61,21.45
2026-04-23T06:00:06,70.53,21.4
2026-04-23T07:00:06,70.53,21.4
2026-04-23T08:00:06,70.53,21.4
2026-04-23T09:00:06,70.91,21.62
2026-04-23T10:00:06,71.61,22.01
2026-04-23T11:00:06,73.31,22.95
2026-04-23T12:00:06,73.77,23.21
2026-04-23T13:00:06,75.47,24.15
2026-04-23T14:00:06,76.01,24.45
2026-04-23T15:00:06,78.25,25.69
2026-04-23T16:00:06,76.32,24.62
2026-04-23T17:00:06,75.86,24.36
2026-04-23T18:00:06,75.24,24.02
2026-04-23T19:00:06,74.7,23.72
2026-04-23T20:00:06,74.39,23.55
2026-04-23T21:00:06,74.23,23.46
2026-04-23T22:00:06,74.0,23.34
2026-04-23T23:00:06,73.69,23.16
2026-04-24T00:00:06,73.46,23.03
2026-04-24T01:00:06,73.23,22.91
2026-04-24T02:00:06,73.0,22.78
2026-04-24T03:00:06,72.84,22.69
2026-04-24T04:00:06,72.69,22.61
2026-04-24T05:00:06,72.61,22.56
2026-04-24T06:00:06,72.46,22.48
2026-04-24T07:00:06,72.38,22.43
2026-04-24T08:00:06,72.38,22.43
2026-04-24T09:00:06,72.54,22.52
2026-04-24T10:00:06,73.15,22.86
2026-04-24T11:00:06,74.0,23.34
2026-04-24T12:00:06,75.39,24.11
2026-04-24T13:00:06,77.17,25.09
2026-04-24T14:00:06,78.33,25.74
2026-04-24T15:00:06,79.87,26.6
2026-04-24T16:00:06,79.72,26.51
2026-04-24T17:00:06,78.17,25.65
2026-04-24T18:00:06,78.02,25.57
2026-04-24T19:00:06,76.55,24.75
2026-04-24T20:00:06,75.93,24.41
2026-04-24T21:00:06,75.78,24.32
2026-04-24T22:00:06,75.47,24.15
2026-04-24T23:00:06,75.16,23.98
2026-04-25T00:00:06,74.93,23.85
2026-04-25T01:00:06,74.62,23.68
2026-04-25T02:00:06,74.39,23.55
2026-04-25T03:00:06,74.31,23.51
2026-04-25T04:00:06,74.08,23.38
2026-04-25T05:00:06,74.0,23.34
2026-04-25T06:00:06,73.77,23.21
2026-04-25T07:00:06,73.69,23.16
2026-04-25T08:00:06,73.77,23.21
2026-04-25T09:00:06,73.85,23.25
2026-04-25T10:00:06,75.32,24.06
2026-04-25T11:00:06,76.09,24.49
2026-04-25T12:00:06,77.4,25.22
2026-04-25T13:00:06,78.79,25.99
2026-04-25T14:00:06,79.79,26.55
2026-04-25T15:00:06,81.49,27.5
2026-04-25T16:00:06,81.03,27.24
2026-04-25T17:00:06,79.33,26.3
2026-04-25T18:00:06,79.02,26.12
2026-04-25T19:00:06,77.79,25.44
2026-04-25T20:00:06,77.25,25.14
2026-04-25T21:00:06,77.01,25.01
2026-04-25T22:00:06,76.63,24.79
2026-04-25T23:00:06,76.24,24.58
2026-04-26T00:00:06,75.86,24.36
2026-04-26T01:00:06,75.55,24.19
2026-04-26T02:00:06,75.24,24.02
2026-04-26T03:00:06,75.16,23.98
2026-04-26T04:00:06,74.93,23.85
2026-04-26T05:00:06,74.62,23.68
2026-04-26T06:00:06,74.39,23.55
2026-04-26T07:00:06,74.39,23.55
2026-04-26T08:00:06,74.31,23.51
2026-04-26T09:00:06,74.54,23.64
2026-04-26T10:00:06,75.24,24.02
2026-04-26T11:00:06,76.01,24.45
2026-04-26T12:00:06,76.32,24.62
2026-04-26T13:00:06,77.48,25.27
2026-04-26T14:00:06,79.41,26.34
2026-04-26T15:00:06,80.57,26.98
2026-04-26T16:00:06,79.56,26.42
2026-04-26T17:00:06,78.71,25.95
2026-04-26T18:00:06,78.17,25.65
2026-04-26T19:00:06,77.71,25.39
2026-04-26T20:00:06,77.25,25.14
2026-04-26T21:00:06,76.94,24.97
2026-04-26T22:00:06,76.78,24.88
2026-04-26T23:00:06,76.55,24.75
2026-04-27T00:00:06,76.24,24.58
2026-04-27T01:00:06,76.17,24.54
2026-04-27T02:00:06,75.86,24.36
2026-04-27T03:00:06,75.62,24.24
2026-04-27T04:00:06,75.39,24.11
2026-04-27T05:00:06,75.24,24.02
2026-04-27T06:00:06,75.16,23.98
2026-04-27T07:00:06,75.01,23.89
2026-04-27T08:00:06,75.08,23.94
2026-04-27T09:00:06,75.47,24.15
2026-04-27T10:00:06,75.86,24.36
2026-04-27T11:00:06,75.7,24.28
2026-04-27T12:00:06,75.78,24.32
2026-04-27T13:00:06,76.24,24.58
2026-04-27T14:00:06,77.86,25.48
2026-04-27T15:00:06,78.1,25.61
2026-04-27T16:00:06,78.71,25.95
2026-04-27T17:00:06,78.48,25.82
2026-04-27T18:00:06,78.25,25.69
2026-04-27T19:00:06,77.56,25.31
2026-04-27T20:00:06,77.09,25.05
2026-04-27T21:00:06,76.78,24.88
2026-04-27T22:00:06,76.55,24.75
2026-04-27T23:00:06,76.4,24.66
2026-04-28T00:00:06,76.09,24.49
2026-04-28T01:00:06,75.86,24.36
2026-04-28T02:00:06,75.7,24.28
2026-04-28T03:00:06,75.62,24.24
2026-04-28T04:00:06,75.47,24.15
2026-04-28T05:00:06,75.24,24.02
2026-04-28T06:00:06,75.16,23.98
2026-04-28T07:00:06,75.01,23.89
2026-04-28T08:00:06,75.16,23.98
2026-04-28T09:00:06,75.39,24.11
2026-04-28T10:00:06,75.93,24.41
2026-04-28T11:00:06,77.17,25.09
2026-04-28T12:00:06,78.4,25.78
2026-04-28T13:00:06,79.49,26.38
2026-04-28T14:00:06,80.26,26.81
2026-04-28T15:00:06,80.49,26.94
2026-04-28T16:00:06,80.41,26.9
2026-04-28T17:00:06,79.25,26.25
2026-04-28T18:00:06,79.18,26.21
2026-04-28T19:00:06,78.33,25.74
2026-04-28T20:00:06,77.86,25.48
2026-04-28T21:00:06,77.63,25.35
2026-04-28T22:00:06,77.32,25.18
2026-04-28T23:00:06,77.17,25.09
2026-04-29T00:00:06,76.86,24.92
2026-04-29T01:00:06,76.78,24.88
2026-04-29T02:00:06,76.63,24.79
2026-04-29T03:00:06,76.47,24.71
2026-04-29T04:00:06,76.4,24.66
2026-04-29T05:00:06,76.32,24.62
2026-04-29T06:00:06,76.24,24.58
2026-04-29T07:00:06,76.09,24.49
2026-04-29T08:00:06,76.09,24.49
2026-04-29T09:00:06,76.09,24.49
2026-04-29T10:00:06,76.09,24.49
2026-04-29T11:00:06,76.24,24.58
2026-04-29T12:00:06,76.17,24.54
2026-04-29T13:00:06,76.47,24.71
2026-04-29T14:00:06,77.25,25.14
2026-04-29T15:00:06,77.01,25.01
2026-04-29T16:00:06,76.32,24.62
2026-04-29T17:00:06,76.32,24.62
2026-04-29T18:00:06,75.78,24.32
2026-04-29T19:00:06,75.24,24.02
2026-04-29T20:00:06,74.78,23.76
2026-04-29T21:00:06,74.31,23.51
2026-04-29T22:00:06,74.08,23.38
2026-04-29T23:00:06,73.85,23.25
2026-04-30T00:00:06,73.54,23.08
2026-04-30T01:00:06,73.39,22.99
2026-04-30T02:00:06,73.0,22.78
2026-04-30T03:00:06,72.77,22.65
2026-04-30T04:00:06,72.61,22.56
2026-04-30T05:00:06,72.61,22.56
2026-04-30T06:00:06,72.54,22.52
2026-04-30T07:00:06,72.46,22.48
2026-04-30T08:00:06,72.3,22.39
2026-04-30T09:00:06,72.46,22.48
2026-04-30T10:00:06,72.54,22.52
2026-04-30T11:00:06,72.54,22.52
2026-04-30T12:00:06,72.54,22.52
2026-04-30T13:00:06,72.54,22.52
2026-04-30T14:00:06,73.0,22.78
2026-04-30T15:00:06,72.84,22.69
2026-04-30T16:00:06,73.08,22.82
2026-04-30T17:00:06,73.0,22.78
2026-04-30T18:00:06,72.69,22.61
2026-04-30T19:00:06,72.46,22.48
2026-04-30T20:00:06,72.23,22.35
2026-04-30T21:00:06,71.92,22.18
2026-04-30T22:00:06,71.69,22.05
2026-04-30T23:00:06,71.61,22.01
2026-05-01T00:00:06,71.61,22.01
2026-05-01T01:00:06,70.22,21.23
2026-05-01T02:00:06,69.68,20.93
2026-05-01T03:00:06,69.52,20.85
2026-05-01T04:00:06,67.67,19.82
2026-05-01T05:00:06,66.74,19.3
2026-05-01T06:00:06,66.13,18.96
2026-05-01T07:00:06,65.35,18.53
2026-05-01T08:00:06,64.66,18.14
2026-05-01T09:00:06,64.74,18.19
2026-05-01T10:00:06,64.58,18.1
2026-05-01T11:00:06,65.51,18.62
2026-05-01T12:00:06,65.51,18.62
2026-05-01T13:00:06,66.13,18.96
2026-05-01T14:00:06,65.97,18.87
2026-05-01T15:00:06,65.89,18.83
2026-05-01T16:00:06,65.74,18.74
2026-05-01T17:00:06,65.2,18.44
2026-05-01T18:00:06,65.66,18.7
2026-05-01T19:00:06,64.74,18.19
2026-05-01T20:00:06,64.35,17.97
2026-05-01T21:00:06,64.35,17.97
2026-05-01T22:00:06,64.5,18.06
2026-05-01T23:00:06,64.43,18.02
2026-05-02T00:00:06,64.35,17.97
2026-05-02T01:00:06,64.35,17.97
2026-05-02T02:00:06,64.27,17.93
2026-05-02T03:00:06,64.12,17.84
2026-05-02T04:00:06,63.89,17.72
2026-05-02T05:00:06,63.89,17.72
2026-05-02T06:00:06,63.73,17.63
2026-05-02T07:00:06,63.73,17.63
2026-05-02T08:00:06,63.66,17.59
2026-05-02T09:00:06,64.04,17.8
2026-05-02T10:00:06,64.27,17.93
2026-05-02T11:00:06,65.74,18.74
2026-05-02T12:00:06,67.59,19.77
2026-05-02T13:00:06,70.22,21.23
2026-05-02T14:00:06,71.38,21.88
2026-05-02T15:00:06,73.62,23.12
2026-05-02T16:00:06,71.76,22.09
2026-05-02T17:00:06,70.84,21.58
2026-05-02T18:00:06,71.15,21.75
2026-05-02T19:00:06,70.37,21.32
2026-05-02T20:00:06,70.14,21.19
2026-05-02T21:00:06,69.37,20.76
2026-05-02T22:00:06,68.75,20.42
2026-05-02T23:00:06,68.29,20.16
2026-05-03T00:00:06,67.67,19.82
2026-05-03T01:00:06,67.36,19.65
2026-05-03T02:00:06,66.9,19.39
2026-05-03T03:00:06,66.51,19.17
2026-05-03T04:00:06,66.13,18.96
2026-05-03T05:00:06,65.82,18.79
2026-05-03T06:00:06,65.51,18.62
2026-05-03T07:00:06,65.2,18.44
2026-05-03T08:00:06,65.28,18.49
2026-05-03T09:00:06,65.59,18.66
2026-05-03T10:00:06,66.13,18.96
2026-05-03T11:00:06,68.29,20.16
2026-05-03T12:00:06,70.61,21.45
2026-05-03T13:00:06,72.54,22.52
2026-05-03T14:00:06,73.85,23.25
2026-05-03T15:00:06,75.62,24.24
2026-05-03T16:00:06,74.39,23.55
2026-05-03T17:00:06,72.15,22.31
2026-05-03T18:00:06,72.38,22.43
2026-05-03T19:00:06,70.84,21.58
2026-05-03T20:00:06,70.68,21.49
2026-05-03T21:00:06,70.22,21.23
2026-05-03T22:00:06,69.68,20.93
2026-05-03T23:00:06,69.37,20.76
2026-05-04T00:00:06,69.06,20.59
2026-05-04T01:00:06,68.67,20.37
2026-05-04T02:00:06,68.37,20.2
2026-05-04T03:00:06,67.67,19.82
2026-05-04T04:00:06,67.44,19.69
2026-05-04T05:00:06,67.21,19.56
2026-05-04T06:00:06,66.74,19.3
2026-05-04T07:00:06,66.44,19.13
2026-05-04T08:00:06,66.13,18.96
2026-05-04T09:00:06,66.44,19.13
2026-05-04T10:00:06,67.75,19.86
2026-05-04T11:00:06,68.98,20.55
2026-05-04T12:00:06,70.61,21.45
2026-05-04T13:00:06,73.54,23.08
2026-05-04T14:00:06,74.08,23.38
2026-05-04T15:00:06,74.23,23.46
2026-05-04T16:00:06,75.01,23.89
2026-05-04T17:00:06,73.39,22.99
2026-05-04T18:00:06,73.08,22.82
2026-05-04T19:00:06,71.84,22.13
2026-05-04T20:00:06,71.38,21.88
2026-05-04T21:00:06,71.45,21.92
2026-05-04T22:00:06,71.38,21.88
2026-05-04T23:00:06,71.15,21.75
2026-05-05T00:00:06,70.99,21.66
2026-05-05T01:00:06,70.76,21.53
2026-05-05T02:00:06,70.61,21.45
2026-05-05T03:00:06,70.53,21.4
2026-05-05T04:00:06,70.37,21.32
2026-05-05T05:00:06,70.45,21.36
2026-05-05T06:00:06,70.3,21.28
2026-05-05T07:00:06,70.3,21.28
2026-05-05T08:00:06,70.37,21.32
2026-05-05T09:00:06,70.61,21.45
2026-05-05T10:00:06,70.76,21.53
2026-05-05T11:00:06,71.84,22.13
2026-05-05T12:00:06,73.23,22.91
2026-05-05T13:00:06,74.39,23.55
2026-05-05T14:00:06,75.24,24.02
2026-05-05T15:00:06,76.63,24.79
2026-05-05T16:00:06,76.32,24.62
2026-05-05T17:00:06,76.01,24.45
2026-05-05T18:00:06,75.7,24.28
2026-05-05T19:00:06,74.78,23.76
2026-05-05T20:00:06,74.16,23.42
2026-05-05T21:00:06,73.69,23.16
2026-05-05T22:00:06,73.62,23.12
2026-05-05T23:00:06,73.39,22.99
2026-05-06T00:00:06,73.15,22.86
2026-05-06T01:00:06,73.08,22.82
2026-05-06T02:00:06,72.92,22.73
2026-05-06T03:00:06,73.08,22.82
2026-05-06T04:00:06,73.46,23.03
2026-05-06T05:00:06,73.39,22.99
2026-05-06T06:00:06,73.54,23.08
2026-05-06T07:00:06,73.62,23.12
2026-05-06T08:00:06,73.62,23.12
2026-05-06T09:00:06,73.77,23.21
2026-05-06T10:00:06,74.0,23.34
2026-05-06T11:00:06,74.23,23.46
2026-05-06T12:00:06,73.69,23.16
2026-05-06T13:00:06,74.47,23.59
2026-05-06T14:00:06,75.62,24.24
2026-05-06T15:00:06,76.32,24.62
2026-05-06T16:00:06,74.7,23.72
2026-05-06T17:00:06,74.54,23.64
2026-05-06T18:00:06,74.31,23.51
2026-05-06T19:00:06,73.62,23.12
2026-05-06T20:00:06,73.23,22.91
2026-05-06T21:00:06,72.77,22.65
2026-05-06T22:00:06,72.3,22.39
2026-05-06T23:00:06,71.84,22.13
2026-05-07T00:00:06,71.53,21.96
2026-05-07T01:00:06,71.15,21.75
2026-05-07T02:00:06,70.84,21.58
2026-05-07T03:00:06,70.53,21.4
2026-05-07T04:00:06,70.3,21.28
2026-05-07T05:00:06,69.83,21.02
2026-05-07T06:00:06,69.52,20.85
2026-05-07T07:00:06,69.29,20.72
2026-05-07T08:00:06,69.14,20.63
2026-05-07T09:00:06,68.91,20.5
2026-05-07T10:00:06,69.06,20.59
2026-05-07T11:00:06,69.22,20.68
2026-05-07T12:00:06,69.37,20.76
2026-05-07T13:00:06,70.45,21.36
2026-05-07T14:00:06,70.22,21.23
2026-05-07T15:00:06,70.06,21.15
2026-05-07T16:00:06,69.91,21.06
2026-05-07T17:00:06,70.22,21.23
2026-05-07T18:00:06,69.68,20.93
2026-05-07T19:00:06,69.52,20.85
2026-05-07T20:00:06,69.14,20.63
2026-05-07T21:00:06,69.06,20.59
2026-05-07T22:00:06,68.98,20.55
2026-05-07T23:00:06,68.83,20.46
2026-05-08T00:00:06,68.52,20.29
2026-05-08T01:00:06,68.37,20.2
2026-05-08T02:00:06,68.21,20.12
2026-05-08T03:00:06,68.06,20.03
2026-05-08T04:00:06,68.06,20.03
2026-05-08T05:00:06,67.98,19.99
2026-05-08T06:00:06,67.75,19.86
2026-05-08T07:00:06,67.59,19.77
2026-05-08T08:00:06,67.67,19.82
2026-05-08T09:00:06,67.67,19.82
2026-05-08T10:00:06,68.37,20.2
2026-05-08T11:00:06,68.91,20.5
2026-05-08T12:00:06,69.29,20.72
2026-05-08T13:00:06,70.14,21.19
2026-05-08T14:00:06,71.84,22.13
2026-05-08T15:00:06,73.23,22.91
2026-05-08T16:00:06,72.61,22.56
2026-05-08T17:00:06,73.08,22.82
2026-05-08T18:00:06,73.0,22.78
2026-05-08T19:00:06,72.92,22.73
2026-05-08T20:00:06,72.77,22.65
2026-05-08T21:00:06,72.69,22.61
2026-05-08T22:00:06,72.69,22.61
2026-05-08T23:00:06,72.61,22.56
2026-05-09T00:00:06,72.61,22.56
2026-05-09T01:00:06,72.46,22.48
2026-05-09T02:00:06,72.38,22.43
2026-05-09T03:00:06,72.38,22.43
2026-05-09T04:00:06,72.54,22.52
2026-05-09T05:00:06,72.46,22.48
2026-05-09T06:00:06,72.54,22.52
2026-05-09T07:00:06,72.61,22.56
2026-05-09T08:00:06,72.61,22.56
2026-05-09T09:00:06,72.84,22.69
2026-05-09T10:00:06,73.08,22.82
2026-05-09T11:00:06,73.15,22.86
2026-05-09T12:00:06,73.62,23.12
2026-05-09T13:00:06,76.01,24.45
2026-05-09T14:00:06,76.78,24.88
2026-05-09T15:00:06,79.1,26.17
2026-05-09T16:00:06,78.02,25.57
2026-05-09T17:00:06,77.48,25.27
2026-05-09T18:00:06,80.03,26.68
2026-05-09T19:00:06,77.94,25.52
2026-05-09T20:00:06,77.4,25.22
2026-05-09T21:00:06,76.71,24.84
2026-05-09T22:00:06,76.24,24.58
2026-05-09T23:00:06,76.09,24.49
2026-05-10T00:00:06,75.55,24.19
2026-05-10T01:00:06,75.39,24.11
2026-05-10T02:00:06,75.01,23.89
2026-05-10T03:00:06,74.47,23.59
2026-05-10T04:00:06,74.08,23.38
2026-05-10T05:00:06,73.93,23.29
2026-05-10T06:00:06,73.69,23.16
2026-05-10T07:00:06,73.46,23.03
2026-05-10T08:00:06,73.62,23.12
2026-05-10T09:00:06,73.69,23.16
2026-05-10T10:00:06,74.23,23.46
2026-05-10T11:00:06,76.17,24.54
2026-05-10T12:00:06,77.63,25.35
2026-05-10T13:00:06,77.56,25.31
2026-05-10T14:00:06,78.71,25.95
2026-05-10T15:00:06,79.56,26.42
2026-05-10T16:00:06,78.1,25.61
2026-05-10T17:00:06,78.33,25.74
2026-05-10T18:00:06,78.33,25.74
2026-05-10T19:00:06,78.1,25.61
2026-05-10T20:00:06,77.79,25.44
2026-05-10T21:00:06,77.48,25.27
2026-05-10T22:00:06,76.63,24.79
2026-05-10T23:00:06,76.01,24.45
2026-05-11T00:00:06,74.7,23.72
2026-05-11T01:00:06,70.61,21.45
2026-05-11T02:00:06,70.3,21.28
2026-05-11T03:00:06,69.52,20.85
2026-05-11T04:00:06,69.91,21.06
2026-05-11T05:00:06,69.91,21.06
2026-05-11T06:00:06,69.99,21.1
2026-05-11T07:00:06,70.14,21.19
2026-05-11T08:00:06,70.14,21.19
2026-05-11T09:00:06,70.3,21.28
2026-05-11T10:00:06,70.99,21.66
2026-05-11T11:00:06,72.0,22.22
2026-05-11T12:00:06,72.54,22.52
2026-05-11T13:00:06,73.08,22.82
2026-05-11T14:00:06,74.08,23.38
2026-05-11T15:00:06,75.32,24.06
2026-05-11T16:00:06,75.32,24.06
2026-05-11T17:00:06,74.08,23.38
2026-05-11T18:00:06,75.08,23.94
2026-05-11T19:00:06,73.69,23.16
2026-05-11T20:00:06,73.39,22.99
2026-05-11T21:00:06,73.23,22.91
2026-05-11T22:00:06,72.92,22.73
2026-05-11T23:00:06,72.77,22.65
2026-05-12T00:00:06,72.61,22.56
2026-05-12T01:00:06,72.38,22.43
2026-05-12T02:00:06,72.07,22.26
2026-05-12T03:00:06,71.92,22.18
2026-05-12T04:00:06,71.69,22.05
2026-05-12T05:00:06,71.53,21.96
2026-05-12T06:00:06,71.3,21.83
2026-05-12T07:00:06,71.07,21.7
2026-05-12T08:00:06,71.07,21.7
2026-05-12T09:00:06,71.3,21.83
2026-05-12T10:00:06,71.61,22.01
2026-05-12T11:00:06,72.69,22.61
2026-05-12T12:00:06,73.93,23.29
2026-05-12T13:00:06,75.08,23.94
2026-05-12T14:00:06,76.86,24.92
2026-05-12T15:00:06,81.03,27.24
2026-05-12T16:00:06,77.86,25.48
2026-05-12T17:00:06,76.78,24.88
2026-05-12T18:00:06,77.86,25.48
2026-05-12T19:00:06,76.78,24.88
2026-05-12T20:00:06,76.24,24.58
2026-05-12T21:00:06,75.47,24.15
2026-05-12T22:00:06,75.08,23.94
2026-05-12T23:00:06,74.62,23.68
2026-05-13T00:00:06,74.23,23.46
2026-05-13T01:00:06,73.93,23.29
2026-05-13T02:00:06,73.46,23.03
2026-05-13T03:00:06,73.15,22.86
2026-05-13T04:00:06,72.84,22.69
2026-05-13T05:00:06,72.46,22.48
2026-05-13T06:00:06,72.15,22.31
2026-05-13T07:00:06,72.0,22.22
2026-05-13T08:00:06,72.0,22.22
2026-05-13T09:00:06,72.38,22.43
2026-05-13T10:00:06,72.92,22.73
2026-05-13T11:00:06,75.01,23.89
2026-05-13T12:00:06,76.17,24.54
2026-05-13T13:00:06,76.86,24.92
2026-05-13T14:00:06,77.63,25.35
2026-05-13T15:00:06,81.18,27.32
2026-05-13T16:00:06,79.56,26.42
2026-05-13T17:00:06,77.79,25.44
2026-05-13T18:00:06,79.25,26.25
2026-05-13T19:00:06,77.71,25.39
2026-05-13T20:00:06,76.86,24.92
2026-05-13T21:00:06,76.55,24.75
2026-05-13T22:00:06,76.09,24.49
2026-05-13T23:00:06,75.62,24.24
2026-05-14T00:00:06,75.32,24.06
2026-05-14T01:00:06,74.85,23.81
2026-05-14T02:00:06,74.39,23.55
2026-05-14T03:00:06,74.08,23.38
2026-05-14T04:00:06,73.85,23.25
2026-05-14T05:00:06,73.54,23.08
2026-05-14T06:00:06,73.23,22.91
2026-05-14T07:00:06,73.08,22.82
2026-05-14T08:00:06,73.08,22.82
2026-05-14T09:00:06,73.0,22.78
2026-05-14T10:00:06,73.62,23.12
2026-05-14T11:00:06,75.32,24.06
2026-05-14T12:00:06,77.01,25.01
2026-05-14T13:00:06,78.1,25.61
2026-05-14T14:00:06,79.64,26.47
2026-05-14T15:00:06,80.72,27.07
2026-05-14T16:00:06,79.56,26.42
2026-05-14T17:00:06,77.48,25.27
2026-05-14T18:00:06,77.94,25.52
2026-05-14T19:00:06,77.17,25.09
2026-05-14T20:00:06,76.86,24.92
2026-05-14T21:00:06,76.47,24.71
2026-05-14T22:00:06,76.01,24.45
2026-05-14T23:00:06,75.47,24.15
2026-05-15T00:00:06,75.08,23.94
2026-05-15T01:00:06,74.7,23.72
2026-05-15T02:00:06,74.31,23.51
2026-05-15T03:00:06,73.93,23.29
2026-05-15T04:00:06,73.85,23.25
2026-05-15T05:00:06,73.62,23.12
2026-05-15T06:00:06,73.54,23.08
2026-05-15T07:00:06,73.31,22.95
2026-05-15T08:00:06,73.31,22.95
2026-05-15T09:00:06,73.46,23.03
2026-05-15T10:00:06,73.93,23.29
2026-05-15T11:00:06,74.78,23.76
2026-05-15T12:00:06,75.93,24.41
2026-05-15T13:00:06,77.56,25.31
2026-05-15T14:00:06,79.1,26.17
2026-05-15T15:00:06,79.41,26.34
2026-05-15T16:00:06,79.41,26.34
2026-05-15T17:00:06,77.4,25.22
2026-05-15T18:00:06,77.25,25.14
2026-05-15T19:00:06,77.17,25.09
2026-05-15T20:00:06,76.78,24.88
2026-05-15T21:00:06,76.55,24.75
2026-05-15T22:00:06,76.32,24.62
2026-05-15T23:00:06,75.93,24.41
2026-05-16T00:00:06,75.62,24.24
2026-05-16T01:00:06,75.39,24.11
2026-05-16T02:00:06,75.32,24.06
2026-05-16T03:00:06,75.08,23.94
2026-05-16T04:00:06,74.85,23.81
2026-05-16T05:00:06,74.54,23.64
2026-05-16T06:00:06,74.23,23.46
2026-05-16T07:00:06,73.93,23.29
2026-05-16T08:00:06,73.85,23.25
2026-05-16T09:00:06,73.85,23.25
2026-05-16T10:00:06,74.08,23.38
2026-05-16T11:00:06,75.16,23.98
2026-05-16T12:00:06,76.01,24.45
2026-05-16T13:00:06,77.63,25.35
2026-05-16T14:00:06,78.79,25.99
2026-05-16T15:00:06,80.03,26.68
2026-05-16T16:00:06,79.1,26.17
2026-05-16T17:00:06,77.56,25.31
2026-05-16T18:00:06,78.17,25.65
2026-05-16T19:00:06,77.32,25.18
2026-05-16T20:00:06,77.25,25.14
2026-05-16T21:00:06,77.09,25.05
2026-05-16T22:00:06,76.78,24.88
2026-05-16T23:00:06,76.71,24.84
2026-05-17T00:00:06,76.55,24.75
2026-05-17T01:00:06,76.4,24.66
2026-05-17T02:00:06,76.17,24.54
2026-05-17T03:00:06,76.01,24.45
2026-05-17T04:00:06,75.93,24.41
2026-05-17T05:00:06,75.86,24.36
2026-05-17T06:00:06,75.7,24.28
2026-05-17T07:00:06,75.7,24.28
2026-05-17T08:00:06,75.55,24.19
2026-05-17T09:00:06,75.93,24.41
2026-05-17T10:00:06,76.17,24.54
2026-05-17T11:00:06,76.78,24.88
2026-05-17T12:00:06,76.86,24.92
2026-05-17T13:00:06,77.17,25.09
2026-05-17T14:00:06,77.86,25.48
2026-05-17T15:00:06,78.71,25.95
2026-05-17T16:00:06,79.87,26.6
2026-05-17T17:00:06,78.56,25.87
2026-05-17T18:00:06,78.4,25.78
2026-05-17T19:00:06,78.1,25.61
2026-05-17T20:00:06,78.17,25.65
2026-05-17T21:00:06,78.02,25.57
2026-05-17T22:00:06,78.02,25.57
2026-05-17T23:00:06,77.71,25.39
2026-05-18T00:00:06,77.63,25.35
2026-05-18T01:00:06,77.4,25.22
2026-05-18T02:00:06,77.25,25.14
2026-05-18T03:00:06,77.17,25.09
2026-05-18T04:00:06,76.86,24.92
2026-05-18T05:00:06,76.71,24.84
2026-05-18T06:00:06,76.63,24.79
2026-05-18T07:00:06,76.32,24.62
2026-05-18T08:00:06,76.24,24.58
2026-05-18T09:00:06,76.24,24.58
2026-05-18T10:00:06,76.47,24.71
2026-05-18T11:00:06,76.94,24.97
2026-05-18T12:00:06,77.71,25.39
2026-05-18T13:00:06,78.56,25.87
2026-05-18T14:00:06,78.95,26.08
2026-05-18T15:00:06,80.03,26.68
2026-05-18T16:00:06,80.8,27.11
2026-05-18T17:00:06,79.49,26.38
2026-05-18T18:00:06,80.18,26.77
2026-05-18T19:00:06,79.49,26.38
2026-05-18T20:00:06,79.1,26.17
2026-05-18T21:00:06,78.79,25.99
2026-05-18T22:00:06,78.64,25.91
2026-05-18T23:00:06,78.33,25.74
2026-05-19T00:00:06,78.1,25.61
2026-05-19T01:00:06,78.02,25.57
2026-05-19T02:00:06,77.71,25.39
2026-05-19T03:00:06,77.63,25.35
2026-05-19T04:00:06,77.32,25.18
2026-05-19T05:00:06,77.17,25.09
2026-05-19T06:00:06,77.17,25.09
2026-05-19T07:00:06,76.94,24.97
2026-05-19T08:00:06,76.78,24.88
2026-05-19T09:00:06,76.63,24.79
2026-05-19T10:00:06,76.63,24.79
2026-05-19T11:00:06,76.86,24.92
2026-05-19T12:00:06,77.32,25.18
2026-05-19T13:00:06,77.79,25.44
2026-05-19T14:00:06,79.33,26.3
2026-05-19T15:00:06,79.64,26.47
2026-05-19T16:00:06,80.1,26.72
2026-05-19T17:00:06,79.18,26.21
2026-05-19T18:00:06,79.87,26.6
2026-05-19T19:00:06,78.64,25.91
2026-05-19T20:00:06,78.79,25.99
2026-05-19T21:00:06,77.94,25.52
2026-05-19T22:00:06,76.86,24.92
2026-05-19T23:00:06,76.24,24.58
2026-05-20T00:00:06,75.78,24.32
2026-05-20T01:00:06,72.07,22.26
2026-05-20T02:00:06,71.76,22.09
2026-05-20T03:00:06,68.83,20.46
2026-05-20T04:00:06,66.44,19.13
2026-05-20T05:00:06,67.44,19.69
2026-05-20T06:00:06,72.38,22.43
2026-05-20T07:00:06,72.38,22.43
2026-05-20T08:00:06,72.3,22.39
2026-05-20T09:00:06,72.3,22.39
2026-05-20T10:00:06,73.08,22.82
2026-05-20T11:00:06,73.85,23.25
2026-05-20T12:00:06,75.16,23.98
2026-05-20T13:00:06,76.01,24.45
2026-05-20T14:00:06,76.55,24.75
2026-05-20T15:00:06,78.48,25.82
2026-05-20T16:00:06,78.33,25.74
2026-05-20T17:00:06,76.86,24.92
2026-05-20T18:00:06,76.94,24.97
2026-05-20T19:00:06,76.47,24.71
2026-05-20T20:00:06,76.09,24.49
2026-05-20T21:00:06,75.78,24.32
2026-05-20T22:00:06,75.55,24.19
2026-05-20T23:00:06,75.24,24.02
2026-05-21T00:00:06,75.08,23.94
2026-05-21T01:00:06,74.85,23.81
2026-05-21T02:00:06,74.7,23.72
2026-05-21T03:00:06,74.47,23.59
2026-05-21T04:00:06,74.23,23.46
2026-05-21T05:00:06,74.08,23.38
2026-05-21T06:00:06,73.85,23.25
2026-05-21T07:00:06,73.85,23.25
2026-05-21T08:00:06,73.77,23.21
2026-05-21T09:00:06,73.77,23.21
2026-05-21T10:00:06,74.31,23.51
2026-05-21T11:00:06,74.62,23.68
2026-05-21T12:00:06,75.39,24.11
2026-05-21T13:00:06,76.17,24.54
2026-05-21T14:00:06,75.7,24.28
2026-05-21T15:00:06,75.16,23.98
2026-05-21T16:00:06,76.78,24.88
2026-05-21T17:00:06,76.24,24.58
2026-05-21T18:00:06,76.63,24.79
2026-05-21T19:00:06,76.86,24.92
2026-05-21T20:00:06,76.71,24.84
2026-05-21T21:00:06,76.55,24.75
2026-05-21T22:00:06,76.17,24.54
2026-05-21T23:00:06,74.62,23.68
2026-05-22T00:00:06,74.23,23.46
2026-05-22T01:00:06,74.08,23.38
2026-05-22T02:00:06,73.93,23.29
2026-05-22T03:00:06,73.85,23.25
2026-05-22T04:00:06,73.69,23.16
2026-05-22T05:00:06,73.85,23.25
2026-05-22T06:00:06,73.54,23.08
2026-05-22T07:00:06,73.62,23.12
2026-05-22T08:00:06,73.69,23.16
2026-05-22T09:00:06,73.85,23.25
2026-05-22T10:00:06,74.7,23.72
2026-05-22T11:00:06,75.39,24.11
2026-05-22T12:00:06,76.94,24.97
2026-05-22T13:00:06,78.33,25.74
2026-05-22T14:00:06,79.1,26.17
2026-05-22T15:00:06,79.64,26.47
2026-05-22T16:00:06,80.64,27.02
2026-05-22T17:00:06,79.33,26.3
2026-05-22T18:00:06,79.79,26.55
2026-05-22T19:00:06,78.56,25.87
2026-05-22T20:00:06,78.33,25.74
2026-05-22T21:00:06,77.86,25.48
2026-05-22T22:00:06,77.79,25.44
2026-05-22T23:00:06,77.4,25.22
2026-05-23T00:00:06,77.17,25.09
2026-05-23T01:00:06,77.01,25.01
2026-05-23T02:00:06,76.71,24.84
2026-05-23T03:00:06,76.63,24.79
2026-05-23T04:00:06,76.55,24.75
2026-05-23T05:00:06,76.4,24.66
2026-05-23T06:00:06,75.78,24.32
2026-05-23T07:00:06,75.55,24.19
2026-05-23T08:00:06,75.39,24.11
2026-05-23T09:00:06,75.39,24.11
2026-05-23T10:00:06,76.17,24.54
2026-05-23T11:00:06,77.17,25.09
2026-05-23T12:00:06,77.48,25.27
2026-05-23T13:00:06,78.79,25.99
2026-05-23T14:00:06,78.71,25.95
2026-05-23T15:00:06,77.94,25.52
2026-05-23T16:00:06,77.86,25.48
2026-05-23T17:00:06,77.94,25.52
2026-05-23T18:00:06,77.56,25.31
2026-05-23T19:00:06,77.01,25.01
2026-05-23T20:00:06,69.76,20.98
2026-05-23T21:00:06,69.22,20.68
2026-05-23T22:00:06,69.68,20.93
2026-05-23T23:00:06,69.22,20.68
2026-05-24T00:00:06,68.83,20.46
2026-05-24T01:00:06,68.98,20.55
2026-05-24T02:00:06,68.37,20.2
2026-05-24T03:00:06,68.52,20.29
2026-05-24T04:00:06,68.6,20.33
2026-05-24T05:00:06,68.29,20.16
2026-05-24T06:00:06,67.83,19.9
2026-05-24T07:00:06,68.29,20.16
2026-05-24T08:00:06,70.06,21.15
2026-05-24T09:00:06,72.0,22.22
2026-05-24T10:00:06,74.31,23.51
2026-05-24T11:00:06,76.17,24.54
2026-05-24T12:00:06,77.94,25.52
2026-05-24T13:00:06,80.03,26.68
2026-05-24T14:00:06,82.03,27.8
2026-05-24T15:00:06,82.81,28.23
2026-05-24T16:00:06,105.74,40.97
2026-05-24T17:00:06,84.2,29.0
2026-05-24T18:00:06,81.88,27.71
2026-05-24T19:00:06,81.49,27.5
2026-05-24T20:00:06,76.86,24.92
2026-05-24T21:00:06,74.93,23.85
2026-05-24T22:00:06,74.16,23.42
2026-05-24T23:00:06,74.0,23.34
2026-05-25T00:00:06,74.23,23.46
2026-05-25T01:00:06,73.0,22.78
2026-05-25T02:00:06,72.07,22.26
2026-05-25T03:00:06,71.15,21.75
2026-05-25T04:00:06,71.61,22.01
2026-05-25T05:00:06,71.38,21.88
2026-05-25T06:00:06,71.15,21.75
2026-05-25T07:00:06,71.69,22.05
2026-05-25T08:00:06,72.38,22.43
2026-05-25T09:00:06,74.85,23.81
2026-05-25T10:00:06,76.55,24.75
2026-05-25T11:00:06,79.02,26.12
2026-05-25T12:00:06,81.42,27.45
2026-05-25T13:00:06,80.8,27.11
2026-05-25T14:00:06,83.27,28.48
2026-05-25T15:00:06,83.66,28.7
2026-05-25T16:00:06,89.22,31.79
2026-05-25T17:00:06,84.27,29.04
2026-05-25T18:00:06,79.72,26.51
2026-05-25T19:00:06,77.63,25.35
2026-05-25T20:00:06,76.01,24.45
2026-05-25T21:00:06,74.08,23.38
2026-05-25T22:00:06,73.0,22.78
2026-05-25T23:00:06,72.46,22.48
2026-05-26T00:00:06,72.54,22.52
2026-05-26T01:00:06,72.54,22.52
2026-05-26T02:00:06,72.54,22.52
2026-05-26T03:00:06,72.61,22.56
2026-05-26T04:00:06,72.15,22.31
2026-05-26T05:00:06,72.15,22.31
2026-05-26T06:00:06,72.07,22.26
2026-05-26T07:00:06,71.84,22.13
2026-05-26T08:00:06,72.38,22.43
2026-05-26T09:00:06,74.31,23.51
2026-05-26T10:00:06,77.32,25.18
2026-05-26T11:00:06,79.95,26.64
2026-05-26T12:00:06,80.34,26.85
2026-05-26T13:00:06,83.19,28.44
2026-05-26T14:00:06,84.04,28.91
2026-05-26T15:00:06,84.2,29.0
2026-05-26T16:00:06,86.82,30.46
2026-05-26T17:00:06,84.12,28.95
2026-05-26T18:00:06,95.47,35.26
2026-05-26T19:00:06,83.12,28.4
2026-05-26T20:00:06,80.1,26.72
2026-05-26T21:00:06,79.1,26.17
2026-05-26T22:00:06,78.02,25.57
2026-05-26T23:00:06,76.94,24.97
2026-05-27T00:00:06,76.94,24.97
2026-05-27T01:00:06,73.93,23.29
2026-05-27T02:00:06,68.52,20.29
2026-05-27T03:00:06,68.37,20.2
2026-05-27T04:00:06,68.44,20.25
2026-05-27T05:00:06,68.67,20.37
2026-05-27T06:00:06,67.67,19.82
2026-05-27T07:00:06,67.44,19.69
2026-05-27T08:00:06,68.29,20.16
2026-05-27T09:00:06,68.44,20.25
2026-05-27T10:00:06,69.99,21.1
2026-05-27T11:00:06,70.99,21.66
2026-05-27T12:00:06,70.61,21.45
2026-05-27T13:00:06,75.32,24.06
2026-05-27T14:00:06,75.78,24.32
2026-05-27T15:00:06,76.32,24.62
2026-05-27T16:00:06,75.55,24.19
2026-05-27T17:00:06,75.39,24.11
2026-05-27T18:00:06,77.86,25.48
2026-05-27T19:00:06,78.17,25.65
2026-05-27T20:00:06,72.15,22.31
2026-05-27T21:00:06,69.91,21.06
2026-05-27T22:00:06,69.37,20.76
2026-05-27T23:00:06,68.98,20.55
2026-05-28T00:00:06,68.83,20.46
2026-05-28T01:00:06,67.59,19.77
2026-05-28T02:00:06,67.05,19.47
2026-05-28T03:00:06,66.44,19.13
2026-05-28T04:00:06,66.2,19.0
2026-05-28T05:00:06,66.82,19.35
2026-05-28T06:00:06,65.82,18.79
2026-05-28T07:00:06,65.74,18.74
2026-05-28T08:00:06,67.9,19.95
2026-05-28T09:00:06,70.91,21.62
2026-05-28T10:00:06,74.39,23.55
2026-05-28T11:00:06,76.86,24.92
2026-05-28T12:00:06,79.02,26.12
2026-05-28T13:00:06,81.65,27.58
2026-05-28T14:00:06,83.27,28.48
2026-05-28T15:00:06,84.97,29.43
2026-05-28T16:00:06,92.23,33.46
2026-05-28T17:00:06,87.44,30.8
2026-05-28T18:00:06,88.21,31.23
2026-05-28T19:00:06,90.68,32.6
2026-05-28T20:00:06,79.02,26.12
2026-05-28T21:00:06,75.39,24.11
2026-05-28T22:00:06,74.54,23.64
2026-05-28T23:00:06,74.08,23.38
2026-05-29T00:00:06,74.31,23.51
2026-05-29T01:00:06,73.54,23.08
2026-05-29T02:00:06,72.54,22.52
2026-05-29T03:00:06,72.92,22.73
2026-05-29T04:00:06,72.0,22.22
2026-05-29T05:00:06,70.99,21.66
2026-05-29T06:00:06,70.76,21.53
2026-05-29T07:00:06,72.3,22.39
2026-05-29T08:00:06,74.08,23.38
2026-05-29T09:00:06,77.71,25.39
2026-05-29T10:00:06,79.87,26.6
2026-05-29T11:00:06,83.04,28.35
2026-05-29T12:00:06,86.13,30.07
2026-05-29T13:00:06,86.9,30.5
2026-05-29T14:00:06,89.52,31.96
2026-05-29T15:00:06,90.22,32.34
2026-05-29T16:00:06,96.09,35.6
2026-05-29T17:00:06,89.52,31.96
2026-05-29T18:00:06,90.76,32.64
2026-05-29T19:00:06,91.45,33.03
2026-05-29T20:00:06,83.96,28.87
2026-05-29T21:00:06,81.03,27.24
2026-05-29T22:00:06,80.72,27.07
2026-05-29T23:00:06,78.64,25.91
2026-05-30T00:00:06,77.71,25.39
2026-05-30T01:00:06,76.63,24.79
2026-05-30T02:00:06,75.47,24.15
2026-05-30T03:00:06,74.62,23.68
2026-05-30T04:00:06,73.85,23.25
2026-05-30T05:00:06,73.0,22.78
2026-05-30T06:00:06,72.69,22.61
2026-05-30T07:00:06,72.69,22.61
2026-05-30T08:00:06,75.01,23.89
2026-05-30T09:00:06,77.32,25.18
2026-05-30T10:00:06,81.18,27.32
2026-05-30T11:00:06,83.35,28.53
2026-05-30T12:00:06,85.12,29.51
2026-05-30T13:00:06,87.98,31.1
2026-05-30T14:00:06,90.14,32.3
2026-05-30T15:00:06,91.22,32.9
2026-05-30T16:00:06,91.15,32.86
2026-05-30T17:00:06,91.07,32.82
2026-05-30T18:00:06,88.06,31.14
2026-05-30T19:00:06,84.58,29.21
2026-05-30T20:00:06,83.19,28.44
2026-05-30T21:00:06,80.95,27.2
2026-05-30T22:00:06,80.8,27.11
2026-05-30T23:00:06,81.49,27.5
2026-05-31T00:00:06,80.18,26.77
2026-05-31T01:00:06,78.64,25.91
2026-05-31T02:00:06,77.32,25.18
2026-05-31T03:00:06,76.47,24.71
2026-05-31T04:00:06,75.47,24.15
2026-05-31T05:00:06,74.78,23.76
2026-05-31T06:00:06,74.16,23.42
2026-05-31T07:00:06,74.54,23.64
2026-05-31T08:00:06,76.24,24.58
2026-05-31T09:00:06,79.1,26.17
2026-05-31T10:00:06,81.8,27.67
2026-05-31T11:00:06,84.2,29.0
2026-05-31T12:00:06,86.59,30.33
2026-05-31T13:00:06,89.68,32.04
2026-05-31T14:00:06,90.76,32.64
2026-05-31T15:00:06,92.61,33.67
2026-05-31T16:00:06,91.15,32.86
2026-05-31T17:00:06,87.83,31.01
2026-05-31T18:00:06,90.84,32.69
2026-05-31T19:00:06,87.67,30.93
2026-05-31T20:00:06,83.12,28.4
2026-05-31T21:00:06,79.41,26.34
2026-05-31T22:00:06,78.87,26.04
2026-05-31T23:00:06,81.65,27.58
2026-06-01T00:00:06,80.18,26.77
2026-06-01T01:00:06,78.25,25.69
2026-06-01T02:00:06,77.4,25.22
2026-06-01T03:00:06,76.47,24.71
2026-06-01T04:00:06,75.62,24.24
2026-06-01T05:00:06,75.39,24.11
2026-06-01T06:00:06,75.93,24.41
2026-06-01T07:00:06,76.78,24.88
2026-06-01T08:00:06,78.64,25.91
2026-06-01T09:00:06,80.26,26.81
2026-06-01T10:00:06,81.11,27.28
2026-06-01T11:00:06,84.81,29.34
2026-06-01T12:00:06,87.13,30.63
2026-06-01T13:00:06,89.22,31.79
2026-06-01T14:00:06,90.53,32.52
2026-06-01T15:00:06,92.0,33.33
2026-06-01T16:00:06,95.93,35.52
2026-06-01T17:00:06,92.84,33.8
2026-06-01T18:00:06,92.69,33.72
2026-06-01T19:00:06,95.86,35.48
2026-06-01T20:00:06,83.73,28.74
2026-06-01T21:00:06,81.34,27.41
2026-06-01T22:00:06,82.65,28.14
2026-06-01T23:00:06,81.11,27.28
2026-06-02T00:00:06,80.03,26.68
2026-06-02T01:00:06,78.48,25.82
2026-06-02T02:00:06,79.33,26.3
2026-06-02T03:00:06,78.1,25.61
2026-06-02T04:00:06,78.17,25.65
2026-06-02T05:00:06,77.48,25.27
2026-06-02T06:00:06,76.94,24.97
2026-06-02T07:00:06,76.86,24.92
2026-06-02T08:00:06,79.18,26.21
2026-06-02T09:00:06,81.03,27.24
2026-06-02T10:00:06,83.5,28.61
2026-06-02T11:00:06,84.43,29.13
2026-06-02T12:00:06,87.13,30.63
2026-06-02T13:00:06,88.29,31.27
2026-06-02T14:00:06,91.3,32.94
2026-06-02T15:00:06,90.68,32.6
2026-06-02T16:00:06,98.64,37.02
2026-06-02T17:00:06,91.07,32.82
2026-06-02T18:00:06,83.42,28.57
2026-06-02T19:00:06,78.33,25.74
2026-06-02T20:00:06,74.7,23.72
2026-06-02T21:00:06,73.77,23.21
2026-06-02T22:00:06,71.76,22.09
2026-06-02T23:00:06,71.3,21.83
2026-06-03T00:00:06,70.99,21.66
2026-06-03T01:00:06,71.84,22.13
2026-06-03T02:00:06,71.3,21.83
2026-06-03T03:00:06,70.61,21.45
2026-06-03T04:00:06,71.22,21.79
2026-06-03T05:00:06,71.15,21.75
2026-06-03T06:00:06,70.76,21.53
2026-06-03T07:00:06,71.07,21.7
2026-06-03T08:00:06,72.92,22.73
2026-06-03T09:00:06,74.78,23.76
2026-06-03T10:00:06,77.56,25.31
2026-06-03T11:00:06,81.18,27.32
2026-06-03T12:00:06,82.65,28.14
2026-06-03T13:00:06,83.73,28.74
2026-06-03T14:00:06,84.12,28.95
2026-06-03T15:00:06,87.13,30.63
2026-06-03T16:00:06,86.9,30.5
2026-06-03T17:00:06,82.11,27.84
2026-06-03T18:00:06,74.78,23.76
2026-06-03T19:00:06,74.85,23.81
2026-06-03T20:00:06,74.62,23.68
2026-06-03T21:00:06,74.7,23.72
2026-06-03T22:00:06,74.0,23.34
2026-06-03T23:00:06,74.62,23.68
2026-06-04T00:00:06,74.08,23.38
2026-06-04T01:00:06,73.46,23.03
2026-06-04T02:00:06,73.39,22.99
2026-06-04T03:00:06,73.31,22.95
2026-06-04T04:00:06,73.62,23.12
2026-06-04T05:00:06,73.69,23.16
2026-06-04T06:00:06,73.77,23.21
2026-06-04T07:00:06,73.77,23.21
2026-06-04T08:00:06,75.16,23.98
2026-06-04T09:00:06,76.24,24.58
2026-06-04T10:00:06,77.56,25.31
2026-06-04T11:00:06,81.26,27.37
2026-06-04T12:00:06,82.27,27.93
2026-06-04T13:00:06,82.5,28.05
2026-06-04T14:00:06,85.74,29.86
2026-06-04T15:00:06,86.05,30.03
2026-06-04T16:00:06,85.2,29.56
2026-06-04T17:00:06,86.9,30.5
2026-06-04T18:00:06,85.43,29.68
2026-06-04T19:00:06,86.67,30.37
2026-06-04T20:00:06,79.72,26.51
2026-06-04T21:00:06,77.86,25.48
2026-06-04T22:00:06,76.4,24.66
2026-06-04T23:00:06,82.11,27.84
2026-06-05T00:00:06,81.73,27.63
2026-06-05T01:00:06,81.42,27.45
2026-06-05T02:00:06,80.95,27.2
2026-06-05T03:00:06,80.8,27.11
2026-06-05T04:00:06,80.64,27.02
2026-06-05T05:00:06,80.41,26.9
2026-06-05T06:00:06,80.1,26.72
2026-06-05T07:00:06,80.1,26.72
2026-06-05T08:00:06,80.34,26.85
2026-06-05T09:00:06,80.41,26.9
2026-06-05T10:00:06,80.72,27.07
2026-06-05T11:00:06,81.65,27.58
2026-06-05T12:00:06,79.72,26.51
2026-06-05T13:00:06,80.72,27.07
2026-06-05T14:00:06,81.34,27.41
2026-06-05T15:00:06,83.42,28.57
2026-06-05T16:00:06,81.26,27.37
2026-06-05T17:00:06,79.33,26.3
2026-06-05T18:00:06,81.65,27.58
2026-06-05T19:00:06,81.8,27.67
2026-06-05T20:00:06,80.95,27.2
2026-06-05T21:00:06,81.42,27.45
2026-06-05T22:00:06,81.11,27.28
2026-06-05T23:00:06,81.03,27.24
2026-06-06T00:00:06,80.26,26.81
2026-06-06T01:00:06,80.03,26.68
2026-06-06T02:00:06,79.56,26.42
2026-06-06T03:00:06,78.33,25.74
2026-06-06T04:00:06,76.63,24.79
2026-06-06T05:00:06,76.4,24.66
2026-06-06T06:00:06,76.32,24.62
2026-06-06T07:00:06,79.33,26.3
2026-06-06T08:00:06,77.63,25.35
2026-06-06T09:00:06,78.02,25.57
2026-06-06T10:00:06,78.56,25.87
2026-06-06T11:00:06,79.33,26.3
2026-06-06T12:00:06,79.49,26.38
2026-06-06T13:00:06,82.11,27.84
2026-06-06T14:00:06,84.12,28.95
2026-06-06T15:00:06,85.05,29.47
2026-06-06T16:00:06,86.98,30.54
2026-06-06T17:00:06,84.89,29.38
2026-06-06T18:00:06,83.42,28.57
2026-06-06T19:00:06,82.57,28.1
2026-06-06T20:00:06,81.57,27.54
2026-06-06T21:00:06,81.11,27.28
2026-06-06T22:00:06,80.57,26.98
2026-06-06T23:00:06,80.03,26.68
2026-06-07T00:00:06,81.96,27.75
2026-06-07T01:00:06,81.65,27.58
2026-06-07T02:00:06,81.57,27.54
2026-06-07T03:00:06,81.42,27.45
2026-06-07T04:00:06,81.26,27.37
2026-06-07T05:00:06,81.18,27.32
2026-06-07T06:00:06,80.95,27.2
2026-06-07T07:00:06,80.95,27.2
2026-06-07T08:00:06,81.03,27.24
2026-06-07T09:00:06,81.18,27.32
2026-06-07T10:00:06,81.96,27.75
2026-06-07T11:00:06,82.11,27.84
2026-06-07T12:00:06,82.5,28.05
2026-06-07T13:00:06,83.27,28.48
2026-06-07T14:00:06,83.27,28.48
2026-06-07T15:00:06,83.96,28.87
2026-06-07T16:00:06,83.42,28.57
2026-06-07T17:00:06,83.35,28.53
2026-06-07T18:00:06,83.27,28.48
2026-06-07T19:00:06,83.04,28.35
2026-06-07T20:00:06,82.88,28.27
2026-06-07T21:00:06,82.65,28.14
2026-06-07T22:00:06,82.34,27.97
2026-06-07T23:00:06,82.42,28.01
2026-06-08T00:00:06,82.03,27.8
2026-06-08T01:00:06,81.88,27.71
2026-06-08T02:00:06,81.73,27.63
2026-06-08T03:00:06,81.65,27.58
2026-06-08T04:00:06,81.49,27.5
2026-06-08T05:00:06,81.49,27.5
2026-06-08T06:00:06,81.34,27.41
2026-06-08T07:00:06,81.42,27.45
2026-06-08T08:00:06,81.65,27.58
2026-06-08T09:00:06,81.96,27.75
2026-06-08T10:00:06,82.34,27.97
2026-06-08T11:00:06,83.12,28.4
2026-06-08T12:00:06,83.58,28.65
2026-06-08T13:00:06,84.58,29.21
2026-06-08T14:00:06,84.58,29.21
2026-06-08T15:00:06,84.35,29.08
2026-06-08T16:00:06,84.51,29.17
2026-06-08T17:00:06,84.43,29.13
2026-06-08T18:00:06,85.12,29.51
2026-06-08T19:00:06,84.04,28.91
2026-06-08T20:00:06,83.66,28.7
2026-06-08T21:00:06,83.35,28.53
2026-06-08T22:00:06,83.19,28.44
2026-06-08T23:00:06,82.96,28.31
2026-06-09T00:00:06,82.65,28.14
2026-06-09T01:00:06,82.57,28.1
2026-06-09T02:00:06,82.27,27.93
2026-06-09T03:00:06,82.03,27.8
2026-06-09T04:00:06,81.88,27.71
2026-06-09T05:00:06,81.88,27.71
2026-06-09T06:00:06,81.73,27.63
2026-06-09T07:00:06,81.57,27.54
2026-06-09T08:00:06,81.49,27.5
2026-06-09T09:00:06,81.65,27.58
2026-06-09T10:00:06,81.96,27.75
2026-06-09T11:00:06,82.57,28.1
2026-06-09T12:00:06,83.73,28.74
2026-06-09T13:00:06,85.12,29.51
2026-06-09T14:00:06,85.82,29.9
2026-06-09T15:00:06,86.05,30.03
2026-06-09T16:00:06,86.98,30.54
2026-06-09T17:00:06,85.82,29.9
2026-06-09T18:00:06,86.2,30.11
2026-06-09T19:00:06,85.51,29.73
2026-06-09T20:00:06,84.89,29.38
2026-06-09T21:00:06,84.43,29.13
2026-06-09T22:00:06,83.89,28.83
2026-06-09T23:00:06,83.58,28.65
2026-06-10T00:00:06,83.19,28.44
2026-06-10T01:00:06,82.81,28.23
2026-06-10T02:00:06,82.5,28.05
2026-06-10T03:00:06,82.34,27.97
2026-06-10T04:00:06,82.03,27.8
2026-06-10T05:00:06,81.96,27.75
2026-06-10T06:00:06,81.73,27.63
2026-06-10T07:00:06,81.65,27.58
2026-06-10T08:00:06,81.65,27.58
2026-06-10T09:00:06,81.8,27.67
2026-06-10T10:00:06,82.34,27.97
2026-06-10T11:00:06,82.96,28.31
2026-06-10T12:00:06,83.66,28.7
2026-06-10T13:00:06,84.58,29.21
2026-06-10T14:00:06,85.12,29.51
2026-06-10T15:00:06,85.66,29.81
2026-06-10T16:00:06,86.36,30.2
2026-06-10T17:00:06,85.35,29.64
2026-06-10T18:00:06,85.59,29.77
2026-06-10T19:00:06,84.97,29.43
2026-06-10T20:00:06,85.66,29.81
2026-06-10T21:00:06,85.9,29.94
2026-06-10T22:00:06,85.9,29.94
2026-06-10T23:00:06,85.66,29.81
2026-06-11T00:00:06,85.12,29.51
2026-06-11T01:00:06,84.58,29.21
2026-06-11T02:00:06,83.89,28.83
2026-06-11T03:00:06,83.42,28.57
2026-06-11T04:00:06,82.88,28.27
2026-06-11T05:00:06,82.5,28.05
2026-06-11T06:00:06,82.19,27.88
2026-06-11T07:00:06,82.03,27.8
2026-06-11T08:00:06,81.96,27.75
2026-06-11T09:00:06,82.11,27.84
2026-06-11T10:00:06,82.34,27.97
2026-06-11T11:00:06,82.96,28.31
2026-06-11T12:00:06,84.04,28.91
2026-06-11T13:00:06,84.51,29.17
2026-06-11T14:00:06,86.13,30.07
2026-06-11T15:00:06,86.28,30.16
2026-06-11T16:00:06,86.9,30.5
2026-06-11T17:00:06,85.74,29.86
2026-06-11T18:00:06,86.82,30.46
2026-06-11T19:00:06,85.43,29.68
2026-06-11T20:00:06,84.89,29.38
2026-06-11T21:00:06,84.43,29.13
2026-06-11T22:00:06,84.2,29.0
2026-06-11T23:00:06,83.81,28.78
2026-06-12T00:00:06,83.42,28.57
2026-06-12T01:00:06,83.12,28.4
2026-06-12T02:00:06,82.96,28.31
2026-06-12T03:00:06,82.81,28.23
2026-06-12T04:00:06,82.65,28.14
2026-06-12T05:00:06,82.57,28.1
2026-06-12T06:00:06,82.42,28.01
2026-06-12T07:00:06,82.42,28.01
2026-06-12T08:00:06,82.42,28.01
2026-06-12T09:00:06,82.65,28.14
2026-06-12T10:00:06,82.81,28.23
2026-06-12T11:00:06,83.5,28.61
2026-06-12T12:00:06,83.5,28.61
2026-06-12T13:00:06,85.05,29.47
2026-06-12T14:00:06,86.59,30.33
2026-06-12T15:00:06,86.82,30.46
2026-06-12T16:00:06,87.52,30.84
2026-06-12T17:00:06,86.13,30.07
2026-06-12T18:00:06,86.28,30.16
2026-06-12T19:00:06,86.05,30.03
2026-06-12T20:00:06,85.74,29.86
2026-06-12T21:00:06,85.51,29.73
2026-06-12T22:00:06,85.43,29.68
2026-06-12T23:00:06,84.97,29.43
2026-06-13T00:00:06,84.74,29.3
2026-06-13T01:00:06,84.27,29.04
2026-06-13T02:00:06,84.12,28.95
2026-06-13T03:00:06,84.12,28.95
2026-06-13T04:00:06,83.81,28.78
2026-06-13T05:00:06,83.81,28.78
2026-06-13T06:00:06,83.58,28.65
2026-06-13T07:00:06,83.42,28.57
2026-06-13T08:00:06,83.42,28.57
2026-06-13T09:00:06,83.58,28.65
2026-06-13T10:00:06,83.81,28.78
2026-06-13T11:00:06,84.58,29.21
2026-06-13T12:00:06,85.35,29.64
2026-06-13T13:00:06,86.36,30.2
2026-06-13T14:00:06,86.74,30.41
2026-06-13T15:00:06,87.67,30.93
2026-06-13T16:00:06,88.13,31.19
2026-06-13T17:00:06,87.21,30.67
2026-06-13T18:00:06,87.9,31.06
2026-06-13T19:00:06,86.59,30.33
2026-06-13T20:00:06,86.05,30.03
2026-06-13T21:00:06,85.66,29.81
2026-06-13T22:00:06,85.05,29.47
2026-06-13T23:00:06,84.66,29.26
2026-06-14T00:00:06,84.27,29.04
2026-06-14T01:00:06,83.81,28.78
2026-06-14T02:00:06,83.5,28.61
2026-06-14T03:00:06,83.35,28.53
2026-06-14T04:00:06,83.12,28.4
2026-06-14T05:00:06,83.12,28.4
2026-06-14T06:00:06,82.96,28.31
2026-06-14T07:00:06,82.96,28.31
2026-06-14T08:00:06,82.96,28.31
2026-06-14T09:00:06,83.12,28.4
2026-06-14T10:00:06,83.42,28.57
2026-06-14T11:00:06,84.04,28.91
2026-06-14T12:00:06,84.66,29.26
2026-06-14T13:00:06,85.35,29.64
2026-06-14T14:00:06,86.74,30.41
2026-06-14T15:00:06,86.36,30.2
2026-06-14T16:00:06,86.74,30.41
2026-06-14T17:00:06,86.2,30.11
2026-06-14T18:00:06,86.05,30.03
2026-06-14T19:00:06,85.74,29.86
2026-06-14T20:00:06,86.05,30.03
2026-06-14T21:00:06,85.82,29.9
2026-06-14T22:00:06,85.43,29.68
2026-06-14T23:00:06,84.97,29.43
2026-06-15T00:00:06,84.66,29.26
2026-06-15T01:00:06,84.51,29.17
2026-06-15T02:00:06,84.2,29.0
2026-06-15T03:00:06,83.89,28.83
2026-06-15T04:00:06,83.5,28.61
2026-06-15T05:00:06,76.01,24.45
2026-06-15T06:00:06,76.17,24.54
2026-06-15T07:00:06,76.63,24.79
2026-06-15T08:00:06,77.17,25.09
2026-06-15T09:00:06,77.48,25.27
2026-06-15T10:00:06,77.63,25.35
2026-06-15T11:00:06,78.02,25.57
2026-06-15T12:00:06,78.64,25.91
2026-06-15T13:00:06,78.33,25.74
2026-06-15T14:00:06,79.33,26.3
2026-06-15T15:00:06,80.26,26.81
2026-06-15T16:00:06,78.33,25.74
2026-06-15T17:00:06,78.95,26.08
2026-06-15T18:00:06,79.56,26.42
2026-06-15T19:00:06,79.25,26.25
2026-06-15T20:00:06,78.25,25.69
2026-06-15T21:00:06,77.79,25.44
2026-06-15T22:00:06,77.71,25.39
2026-06-15T23:00:06,77.25,25.14
2026-06-16T00:00:06,77.48,25.27
2026-06-16T01:00:06,77.32,25.18
2026-06-16T02:00:06,77.56,25.31
2026-06-16T03:00:06,77.56,25.31
2026-06-16T04:00:06,77.17,25.09
2026-06-16T05:00:06,77.25,25.14
2026-06-16T06:00:06,77.4,25.22
2026-06-16T07:00:06,77.4,25.22
2026-06-16T08:00:06,78.02,25.57
2026-06-16T09:00:06,78.87,26.04
2026-06-16T10:00:06,79.18,26.21
2026-06-16T11:00:06,80.49,26.94
2026-06-16T12:00:06,81.18,27.32
2026-06-16T13:00:06,81.73,27.63
2026-06-16T14:00:06,82.73,28.18
2026-06-16T15:00:06,83.42,28.57
2026-06-16T16:00:06,81.34,27.41
2026-06-16T17:00:06,81.57,27.54
2026-06-16T18:00:06,80.64,27.02
2026-06-16T19:00:06,81.88,27.71
2026-06-16T20:00:06,81.03,27.24
2026-06-16T21:00:06,78.95,26.08
2026-06-16T22:00:06,78.25,25.69
2026-06-16T23:00:06,77.94,25.52
2026-06-17T00:00:06,77.86,25.48
2026-06-17T01:00:06,78.02,25.57
2026-06-17T02:00:06,77.63,25.35
2026-06-17T03:00:06,77.4,25.22
2026-06-17T04:00:06,76.86,24.92
2026-06-17T05:00:06,77.01,25.01
2026-06-17T06:00:06,77.32,25.18
2026-06-17T07:00:06,77.71,25.39
2026-06-17T08:00:06,78.1,25.61
2026-06-17T09:00:06,81.49,27.5
2026-06-17T10:00:06,81.65,27.58
2026-06-17T11:00:06,82.03,27.8
2026-06-17T12:00:06,82.19,27.88
2026-06-17T13:00:06,82.5,28.05
2026-06-17T14:00:06,83.35,28.53
2026-06-17T15:00:06,84.58,29.21
2026-06-17T16:00:06,84.27,29.04
2026-06-17T17:00:06,84.27,29.04
2026-06-17T18:00:06,84.04,28.91
2026-06-17T19:00:06,83.81,28.78
2026-06-17T20:00:06,83.35,28.53
2026-06-17T21:00:06,83.12,28.4
2026-06-17T22:00:06,82.88,28.27
2026-06-17T23:00:06,82.57,28.1
2026-06-18T00:00:06,82.57,28.1
2026-06-18T01:00:06,82.11,27.84
2026-06-18T02:00:06,82.11,27.84
2026-06-18T03:00:06,81.8,27.67
2026-06-18T04:00:06,81.65,27.58
2026-06-18T05:00:06,81.49,27.5
2026-06-18T06:00:06,81.49,27.5
2026-06-18T07:00:06,81.49,27.5
2026-06-18T08:00:06,81.49,27.5
2026-06-18T09:00:06,81.73,27.63
2026-06-18T10:00:06,82.03,27.8
2026-06-18T11:00:06,82.73,28.18
2026-06-18T12:00:06,84.27,29.04
2026-06-18T13:00:06,85.59,29.77
2026-06-18T14:00:06,86.05,30.03
2026-06-18T15:00:06,86.82,30.46
2026-06-18T16:00:06,87.36,30.76
2026-06-18T17:00:06,86.82,30.46
2026-06-18T18:00:06,86.67,30.37
2026-06-18T19:00:06,86.36,30.2
2026-06-18T20:00:06,85.9,29.94
2026-06-18T21:00:06,85.59,29.77
2026-06-18T22:00:06,85.28,29.6
2026-06-18T23:00:06,84.81,29.34
2026-06-19T00:00:06,84.66,29.26
2026-06-19T01:00:06,84.27,29.04
2026-06-19T02:00:06,83.89,28.83
2026-06-19T03:00:06,83.58,28.65
2026-06-19T04:00:06,83.35,28.53
2026-06-19T05:00:06,83.27,28.48
2026-06-19T06:00:06,83.19,28.44
2026-06-19T07:00:06,83.04,28.35
2026-06-19T08:00:06,83.12,28.4
2026-06-19T09:00:06,83.35,28.53
2026-06-19T10:00:06,83.58,28.65
2026-06-19T11:00:06,84.04,28.91
2026-06-19T12:00:06,84.35,29.08
2026-06-19T13:00:06,84.74,29.3
2026-06-19T14:00:06,85.43,29.68
2026-06-19T15:00:06,85.51,29.73
2026-06-19T16:00:06,85.12,29.51
2026-06-19T17:00:06,85.82,29.9
2026-06-19T18:00:06,85.28,29.6
2026-06-19T19:00:06,84.74,29.3
2026-06-19T20:00:06,84.12,28.95
2026-06-19T21:00:06,83.58,28.65
2026-06-19T22:00:06,83.58,28.65
2026-06-19T23:00:06,83.19,28.44
2026-06-20T00:00:06,82.96,28.31
2026-06-20T01:00:06,82.81,28.23
2026-06-20T02:00:06,82.5,28.05
2026-06-20T03:00:06,82.27,27.93
2026-06-20T04:00:06,82.19,27.88
2026-06-20T05:00:06,81.96,27.75
2026-06-20T06:00:06,78.48,25.82
2026-06-20T07:00:06,78.4,25.78
2026-06-20T08:00:06,78.48,25.82
2026-06-20T09:00:06,78.71,25.95
2026-06-20T10:00:06,78.64,25.91
2026-06-20T11:00:06,79.72,26.51
2026-06-20T12:00:06,80.41,26.9
2026-06-20T13:00:06,80.8,27.11
2026-06-20T14:00:06,81.65,27.58
2026-06-20T15:00:06,82.5,28.05
2026-06-20T16:00:06,82.57,28.1
2026-06-20T17:00:06,81.49,27.5
2026-06-20T18:00:06,81.49,27.5
2026-06-20T19:00:06,81.34,27.41
2026-06-20T20:00:06,80.72,27.07
2026-06-20T21:00:06,80.88,27.15
2026-06-20T22:00:06,80.49,26.94
2026-06-20T23:00:06,79.95,26.64
2026-06-21T00:00:06,79.33,26.3
2026-06-21T01:00:06,79.33,26.3
2026-06-21T02:00:06,79.25,26.25
2026-06-21T03:00:06,79.41,26.34
2026-06-21T04:00:06,79.49,26.38
2026-06-21T05:00:06,79.33,26.3
2026-06-21T06:00:06,79.1,26.17
2026-06-21T07:00:06,78.71,25.95
2026-06-21T08:00:06,78.33,25.74
2026-06-21T09:00:06,78.48,25.82
2026-06-21T10:00:06,78.79,25.99
2026-06-21T11:00:06,80.34,26.85
2026-06-21T12:00:06,81.8,27.67
2026-06-21T13:00:06,81.96,27.75
2026-06-21T14:00:06,83.66,28.7
2026-06-21T15:00:06,83.27,28.48
2026-06-21T16:00:06,83.58,28.65
2026-06-21T17:00:06,82.96,28.31
2026-06-21T18:00:06,83.42,28.57
2026-06-21T19:00:06,82.57,28.1
2026-06-21T20:00:06,82.5,28.05
2026-06-21T21:00:06,82.19,27.88
2026-06-21T22:00:06,81.73,27.63
2026-06-21T23:00:06,81.42,27.45
2026-06-22T00:00:06,81.18,27.32
2026-06-22T01:00:06,81.18,27.32
2026-06-22T02:00:06,81.11,27.28
2026-06-22T03:00:06,81.03,27.24
2026-06-22T04:00:06,80.88,27.15
2026-06-22T05:00:06,80.72,27.07
2026-06-22T06:00:06,80.64,27.02
2026-06-22T07:00:06,80.41,26.9
2026-06-22T08:00:06,80.34,26.85
2026-06-22T09:00:06,80.64,27.02
2026-06-22T10:00:06,81.49,27.5
2026-06-22T11:00:06,82.42,28.01
2026-06-22T12:00:06,83.27,28.48
2026-06-22T13:00:06,84.2,29.0
2026-06-22T14:00:06,84.97,29.43
2026-06-22T15:00:06,85.74,29.86
2026-06-22T16:00:06,84.89,29.38
2026-06-22T17:00:06,83.81,28.78
2026-06-22T18:00:06,84.2,29.0
2026-06-22T19:00:06,83.42,28.57
2026-06-22T20:00:06,82.96,28.31
2026-06-22T21:00:06,82.65,28.14
2026-06-22T22:00:06,82.03,27.8
2026-06-22T23:00:06,81.65,27.58
2026-06-23T00:00:06,81.65,27.58
2026-06-23T01:00:06,81.88,27.71
2026-06-23T02:00:06,81.65,27.58
2026-06-23T03:00:06,81.65,27.58
2026-06-23T04:00:06,81.49,27.5
2026-06-23T05:00:06,81.34,27.41
2026-06-23T06:00:06,80.88,27.15
2026-06-23T07:00:06,80.72,27.07
2026-06-23T08:00:06,80.8,27.11
2026-06-23T09:00:06,80.88,27.15
2026-06-23T10:00:06,81.26,27.37
2026-06-23T11:00:06,82.81,28.23
2026-06-23T12:00:06,82.81,28.23
2026-06-23T13:00:06,83.42,28.57
2026-06-23T14:00:06,85.12,29.51
2026-06-23T15:00:06,84.58,29.21
2026-06-23T16:00:06,84.97,29.43
2026-06-23T17:00:06,84.43,29.13
2026-06-23T18:00:06,84.81,29.34
2026-06-23T19:00:06,83.58,28.65
2026-06-23T20:00:06,83.89,28.83
2026-06-23T21:00:06,83.12,28.4
2026-06-23T22:00:06,82.65,28.14
2026-06-23T23:00:06,81.88,27.71
2026-06-24T00:00:06,81.65,27.58
2026-06-24T01:00:06,81.65,27.58
2026-06-24T02:00:06,81.42,27.45
2026-06-24T03:00:06,81.57,27.54
2026-06-24T04:00:06,81.73,27.63
2026-06-24T05:00:06,81.42,27.45
2026-06-24T06:00:06,81.18,27.32
2026-06-24T07:00:06,81.03,27.24
2026-06-24T08:00:06,81.11,27.28
2026-06-24T09:00:06,81.11,27.28
2026-06-24T10:00:06,81.26,27.37
2026-06-24T11:00:06,81.8,27.67
2026-06-24T12:00:06,82.73,28.18
2026-06-24T13:00:06,83.5,28.61
2026-06-24T14:00:06,84.43,29.13
2026-06-24T15:00:06,85.2,29.56
2026-06-24T16:00:06,85.35,29.64
2026-06-24T17:00:06,83.81,28.78
2026-06-24T18:00:06,84.2,29.0
2026-06-24T19:00:06,83.12,28.4
2026-06-24T20:00:06,82.88,28.27
2026-06-24T21:00:06,82.27,27.93
2026-06-24T22:00:06,81.8,27.67
2026-06-24T23:00:06,81.57,27.54
2026-06-25T00:00:06,81.49,27.5
2026-06-25T01:00:06,81.42,27.45
2026-06-25T02:00:06,81.03,27.24
2026-06-25T03:00:06,80.72,27.07
2026-06-25T04:00:06,80.72,27.07
2026-06-25T05:00:06,80.34,26.85
2026-06-25T06:00:06,80.03,26.68
2026-06-25T07:00:06,79.79,26.55
2026-06-25T08:00:06,79.64,26.47
2026-06-25T09:00:06,79.87,26.6
2026-06-25T10:00:06,79.72,26.51
2026-06-25T11:00:06,80.95,27.2
2026-06-25T12:00:06,81.8,27.67
2026-06-25T13:00:06,84.2,29.0
2026-06-25T14:00:06,84.51,29.17
2026-06-25T15:00:06,84.81,29.34
2026-06-25T16:00:06,93.77,34.32
2026-06-25T17:00:06,86.67,30.37
2026-06-25T18:00:06,92.92,33.85
2026-06-25T19:00:06,83.19,28.44
2026-06-25T20:00:06,81.57,27.54
2026-06-25T21:00:06,81.26,27.37
2026-06-25T22:00:06,80.64,27.02
2026-06-25T23:00:06,80.18,26.77
2026-06-26T00:00:06,80.26,26.81
2026-06-26T01:00:06,79.79,26.55
2026-06-26T02:00:06,79.64,26.47
2026-06-26T03:00:06,79.49,26.38
2026-06-26T04:00:06,79.18,26.21
2026-06-26T05:00:06,79.1,26.17
2026-06-26T06:00:06,78.79,25.99
2026-06-26T07:00:06,79.02,26.12
2026-06-26T08:00:06,79.64,26.47
2026-06-26T09:00:06,80.18,26.77
2026-06-26T10:00:06,81.11,27.28
2026-06-26T11:00:06,82.19,27.88
2026-06-26T12:00:06,82.88,28.27
2026-06-26T13:00:06,84.51,29.17
2026-06-26T14:00:06,85.66,29.81
2026-06-26T15:00:06,85.9,29.94
2026-06-26T16:00:06,92.61,33.67
2026-06-26T17:00:06,89.06,31.7
2026-06-26T18:00:06,94.08,34.49
2026-06-26T19:00:06,84.43,29.13
2026-06-26T20:00:06,83.12,28.4
2026-06-26T21:00:06,82.27,27.93
2026-06-26T22:00:06,81.65,27.58
2026-06-26T23:00:06,81.11,27.28
2026-06-27T00:00:06,80.64,27.02
2026-06-27T01:00:06,80.34,26.85
2026-06-27T02:00:06,80.03,26.68
2026-06-27T03:00:06,79.64,26.47
2026-06-27T04:00:06,79.49,26.38
2026-06-27T05:00:06,79.25,26.25
2026-06-27T06:00:06,78.79,25.99
2026-06-27T07:00:06,78.64,25.91
2026-06-27T08:00:06,78.87,26.04
2026-06-27T09:00:06,79.72,26.51
2026-06-27T10:00:06,81.26,27.37
2026-06-27T11:00:06,82.42,28.01
2026-06-27T12:00:06,83.12,28.4
2026-06-27T13:00:06,84.97,29.43
2026-06-27T14:00:06,86.67,30.37
2026-06-27T15:00:06,85.66,29.81
2026-06-27T16:00:06,86.28,30.16
2026-06-27T17:00:06,84.2,29.0
2026-06-27T18:00:06,83.27,28.48
2026-06-27T19:00:06,83.27,28.48
2026-06-27T20:00:06,81.8,27.67
2026-06-27T21:00:06,81.34,27.41
2026-06-27T22:00:06,80.95,27.2
2026-06-27T23:00:06,80.57,26.98
2026-06-28T00:00:06,80.18,26.77
2026-06-28T01:00:06,80.1,26.72
2026-06-28T02:00:06,79.95,26.64
2026-06-28T03:00:06,80.03,26.68
2026-06-28T04:00:06,79.95,26.64
2026-06-28T05:00:06,79.72,26.51
2026-06-28T06:00:06,79.64,26.47
2026-06-28T07:00:06,79.87,26.6
2026-06-28T08:00:06,80.1,26.72
2026-06-28T09:00:06,80.88,27.15
2026-06-28T10:00:06,80.88,27.15
2026-06-28T11:00:06,82.34,27.97
2026-06-28T12:00:06,84.04,28.91
2026-06-28T13:00:06,85.28,29.6
2026-06-28T14:00:06,85.05,29.47
2026-06-28T15:00:06,87.59,30.89
2026-06-28T16:00:06,86.9,30.5
2026-06-28T17:00:06,84.81,29.34
2026-06-28T18:00:06,84.2,29.0
2026-06-28T19:00:06,83.89,28.83
2026-06-28T20:00:06,82.57,28.1
2026-06-28T21:00:06,82.03,27.8
2026-06-28T22:00:06,81.8,27.67
2026-06-28T23:00:06,81.34,27.41
2026-06-29T00:00:06,81.26,27.37
2026-06-29T01:00:06,81.11,27.28
2026-06-29T02:00:06,80.95,27.2
2026-06-29T03:00:06,81.03,27.24
2026-06-29T04:00:06,80.88,27.15
2026-06-29T05:00:06,80.72,27.07
2026-06-29T06:00:06,80.18,26.77
2026-06-29T07:00:06,80.26,26.81
2026-06-29T08:00:06,80.8,27.11
2026-06-29T09:00:06,81.42,27.45
2026-06-29T10:00:06,82.65,28.14
2026-06-29T11:00:06,83.19,28.44
2026-06-29T12:00:06,84.74,29.3
2026-06-29T13:00:06,85.66,29.81
2026-06-29T14:00:06,86.36,30.2
2026-06-29T15:00:06,88.6,31.44
2026-06-29T16:00:06,87.36,30.76
2026-06-29T17:00:06,85.2,29.56
2026-06-29T18:00:06,84.58,29.21
2026-06-29T19:00:06,84.35,29.08
2026-06-29T20:00:06,83.35,28.53
2026-06-29T21:00:06,82.57,28.1
2026-06-29T22:00:06,81.96,27.75
2026-06-29T23:00:06,81.65,27.58
2026-06-30T00:00:06,81.42,27.45
2026-06-30T01:00:06,81.18,27.32
2026-06-30T02:00:06,80.88,27.15
2026-06-30T03:00:06,80.34,26.85
2026-06-30T04:00:06,80.18,26.77
2026-06-30T05:00:06,79.95,26.64
2026-06-30T06:00:06,79.64,26.47
2026-06-30T07:00:06,79.56,26.42
2026-06-30T08:00:06,79.87,26.6
2026-06-30T09:00:06,80.57,26.98
2026-06-30T10:00:06,81.03,27.24
2026-06-30T11:00:06,82.42,28.01
2026-06-30T12:00:06,83.58,28.65
2026-06-30T13:00:06,83.96,28.87
2026-06-30T14:00:06,85.28,29.6
2026-06-30T15:00:06,89.37,31.87
2026-06-30T16:00:06,85.9,29.94
2026-06-30T17:00:06,84.04,28.91
2026-06-30T18:00:06,84.35,29.08
2026-06-30T19:00:06,84.66,29.26
2026-06-30T20:00:06,83.42,28.57
2026-06-30T21:00:06,82.42,28.01
2026-06-30T22:00:06,81.88,27.71
2026-06-30T23:00:06,81.42,27.45
2026-07-01T00:00:06,81.03,27.24
2026-07-01T01:00:06,80.8,27.11
2026-07-01T02:00:06,80.64,27.02
2026-07-01T03:00:06,80.49,26.94
2026-07-01T04:00:06,80.18,26.77
2026-07-01T05:00:06,79.87,26.6
2026-07-01T06:00:06,79.72,26.51
2026-07-01T07:00:06,79.72,26.51
2026-07-01T08:00:06,80.34,26.85
2026-07-01T09:00:06,80.95,27.2
2026-07-01T10:00:06,82.03,27.8
2026-07-01T11:00:06,82.73,28.18
2026-07-01T12:00:06,83.96,28.87
2026-07-01T13:00:06,84.66,29.26
2026-07-01T14:00:06,85.28,29.6
2026-07-01T15:00:06,87.83,31.01
2026-07-01T16:00:06,86.51,30.28
2026-07-01T17:00:06,84.74,29.3
2026-07-01T18:00:06,83.81,28.78
2026-07-01T19:00:06,84.27,29.04
2026-07-01T20:00:06,83.5,28.61
2026-07-01T21:00:06,82.57,28.1
2026-07-01T22:00:06,82.34,27.97
2026-07-01T23:00:06,81.73,27.63
2026-07-02T00:00:06,81.49,27.5
2026-07-02T01:00:06,81.26,27.37
2026-07-02T02:00:06,80.57,26.98
2026-07-02T03:00:06,80.18,26.77
2026-07-02T04:00:06,79.95,26.64
2026-07-02T05:00:06,79.64,26.47
2026-07-02T06:00:06,79.64,26.47
2026-07-02T07:00:06,79.64,26.47
2026-07-02T08:00:06,79.87,26.6
2026-07-02T09:00:06,80.8,27.11
2026-07-02T10:00:06,83.04,28.35
2026-07-02T11:00:06,82.88,28.27
2026-07-02T12:00:06,83.58,28.65
2026-07-02T13:00:06,84.51,29.17
2026-07-02T14:00:06,86.28,30.16
2026-07-02T15:00:06,88.29,31.27
2026-07-02T16:00:06,86.9,30.5
2026-07-02T17:00:06,86.59,30.33
2026-07-02T18:00:06,85.35,29.64
2026-07-02T19:00:06,84.04,28.91
2026-07-02T20:00:06,82.73,28.18
2026-07-02T21:00:06,82.11,27.84
2026-07-02T22:00:06,81.8,27.67
2026-07-02T23:00:06,81.42,27.45
2026-07-03T00:00:06,81.42,27.45
2026-07-03T01:00:06,80.72,27.07
2026-07-03T02:00:06,80.41,26.9
2026-07-03T03:00:06,80.18,26.77
2026-07-03T04:00:06,79.87,26.6
2026-07-03T05:00:06,79.56,26.42
2026-07-03T06:00:06,79.25,26.25
2026-07-03T07:00:06,79.25,26.25
2026-07-03T08:00:06,79.79,26.55
2026-07-03T09:00:06,80.57,26.98
2026-07-03T10:00:06,81.96,27.75
2026-07-03T11:00:06,82.96,28.31
2026-07-03T12:00:06,82.65,28.14
2026-07-03T13:00:06,84.97,29.43
2026-07-03T14:00:06,85.9,29.94
2026-07-03T15:00:06,89.52,31.96
2026-07-03T16:00:06,86.98,30.54
2026-07-03T17:00:06,85.9,29.94
2026-07-03T18:00:06,85.2,29.56
2026-07-03T19:00:06,85.35,29.64
2026-07-03T20:00:06,83.81,28.78
2026-07-03T21:00:06,82.96,28.31
2026-07-03T22:00:06,82.57,28.1
2026-07-03T23:00:06,82.34,27.97
2026-07-04T00:00:06,81.65,27.58
2026-07-04T01:00:06,81.34,27.41
2026-07-04T02:00:06,80.95,27.2
2026-07-04T03:00:06,80.64,27.02
2026-07-04T04:00:06,80.34,26.85
2026-07-04T05:00:06,80.1,26.72
2026-07-04T06:00:06,79.79,26.55
2026-07-04T07:00:06,79.72,26.51
2026-07-04T08:00:06,80.18,26.77
2026-07-04T09:00:06,80.88,27.15
2026-07-04T10:00:06,81.65,27.58
2026-07-04T11:00:06,83.35,28.53
2026-07-04T12:00:06,83.35,28.53
2026-07-04T13:00:06,85.59,29.77
2026-07-04T14:00:06,86.98,30.54
2026-07-04T15:00:06,89.06,31.7
2026-07-04T16:00:06,87.44,30.8
2026-07-04T17:00:06,86.2,30.11
2026-07-04T18:00:06,85.2,29.56
2026-07-04T19:00:06,84.81,29.34
2026-07-04T20:00:06,84.35,29.08
2026-07-04T21:00:06,83.58,28.65
2026-07-04T22:00:06,83.19,28.44
2026-07-04T23:00:06,82.57,28.1
2026-07-05T00:00:06,82.03,27.8
2026-07-05T01:00:06,81.65,27.58
2026-07-05T02:00:06,81.42,27.45
2026-07-05T03:00:06,81.11,27.28
2026-07-05T04:00:06,80.57,26.98
2026-07-05T05:00:06,80.41,26.9
2026-07-05T06:00:06,80.18,26.77
2026-07-05T07:00:06,80.26,26.81
2026-07-05T08:00:06,80.64,27.02
2026-07-05T09:00:06,81.49,27.5
2026-07-05T10:00:06,82.27,27.93
2026-07-05T11:00:06,82.19,27.88
2026-07-05T12:00:06,84.43,29.13
2026-07-05T13:00:06,85.59,29.77
2026-07-05T14:00:06,86.59,30.33
2026-07-05T15:00:06,88.75,31.53
2026-07-05T16:00:06,87.29,30.71
2026-07-05T17:00:06,86.28,30.16
2026-07-05T18:00:06,85.59,29.77
2026-07-05T19:00:06,85.97,29.98
2026-07-05T20:00:06,84.27,29.04
2026-07-05T21:00:06,83.81,28.78
2026-07-05T22:00:06,83.19,28.44
2026-07-05T23:00:06,82.19,27.88
2026-07-06T00:00:06,81.8,27.67
2026-07-06T01:00:06,81.73,27.63
2026-07-06T02:00:06,81.49,27.5
2026-07-06T03:00:06,81.18,27.32
2026-07-06T04:00:06,80.95,27.2
2026-07-06T05:00:06,80.64,27.02
2026-07-06T06:00:06,80.57,26.98
2026-07-06T07:00:06,80.18,26.77
2026-07-06T08:00:06,80.57,26.98
2026-07-06T09:00:06,80.88,27.15
2026-07-06T10:00:06,81.65,27.58
2026-07-06T11:00:06,83.27,28.48
2026-07-06T12:00:06,84.43,29.13
2026-07-06T13:00:06,86.05,30.03
2026-07-06T14:00:06,86.05,30.03
2026-07-06T15:00:06,87.98,31.1
2026-07-06T16:00:06,92.0,33.33
2026-07-06T17:00:06,86.2,30.11
2026-07-06T18:00:06,85.82,29.9
2026-07-06T19:00:06,85.05,29.47
2026-07-06T20:00:06,84.27,29.04
2026-07-06T21:00:06,83.42,28.57
2026-07-06T22:00:06,82.88,28.27
2026-07-06T23:00:06,82.57,28.1
2026-07-07T00:00:06,82.03,27.8
2026-07-07T01:00:06,81.65,27.58
2026-07-07T02:00:06,81.42,27.45
2026-07-07T03:00:06,81.03,27.24
2026-07-07T04:00:06,80.72,27.07
2026-07-07T05:00:06,80.34,26.85
2026-07-07T06:00:06,80.03,26.68
2026-07-07T07:00:06,80.1,26.72
2026-07-07T08:00:06,80.64,27.02
2026-07-07T09:00:06,81.49,27.5
2026-07-07T10:00:06,82.19,27.88
2026-07-07T11:00:06,82.57,28.1
2026-07-07T12:00:06,84.12,28.95
2026-07-07T13:00:06,85.12,29.51
2026-07-07T14:00:06,85.35,29.64
2026-07-07T15:00:06,85.9,29.94
2026-07-07T16:00:06,92.0,33.33
2026-07-07T17:00:06,85.74,29.86
2026-07-07T18:00:06,85.35,29.64
2026-07-07T19:00:06,85.82,29.9
2026-07-07T20:00:06,82.57,28.1
2026-07-07T21:00:06,81.65,27.58
2026-07-07T22:00:06,80.64,27.02
2026-07-07T23:00:06,80.26,26.81
2026-07-08T00:00:06,80.03,26.68
2026-07-08T01:00:06,79.87,26.6
2026-07-08T02:00:06,79.79,26.55
2026-07-08T03:00:06,79.79,26.55
2026-07-08T04:00:06,79.79,26.55
2026-07-08T05:00:06,79.56,26.42
2026-07-08T06:00:06,79.25,26.25
2026-07-08T07:00:06,79.33,26.3
2026-07-08T08:00:06,79.79,26.55
2026-07-08T09:00:06,80.49,26.94
2026-07-08T10:00:06,81.18,27.32
2026-07-08T11:00:06,82.73,28.18
2026-07-08T12:00:06,84.2,29.0
2026-07-08T13:00:06,85.43,29.68
2026-07-08T14:00:06,85.9,29.94
2026-07-08T15:00:06,85.97,29.98
2026-07-08T16:00:06,93.08,33.93
2026-07-08T17:00:06,85.66,29.81
2026-07-08T18:00:06,84.89,29.38
2026-07-08T19:00:06,85.51,29.73
2026-07-08T20:00:06,83.66,28.7
2026-07-08T21:00:06,83.04,28.35
2026-07-08T22:00:06,82.73,28.18
2026-07-08T23:00:06,81.96,27.75
2026-07-09T00:00:06,81.57,27.54
2026-07-09T01:00:06,81.03,27.24
2026-07-09T02:00:06,80.8,27.11
2026-07-09T03:00:06,80.49,26.94
2026-07-09T04:00:06,80.26,26.81
2026-07-09T05:00:06,80.26,26.81
2026-07-09T06:00:06,80.1,26.72
2026-07-09T07:00:06,79.87,26.6
2026-07-09T08:00:06,80.18,26.77
2026-07-09T09:00:06,80.34,26.85
2026-07-09T10:00:06,80.95,27.2
2026-07-09T11:00:06,83.58,28.65
2026-07-09T12:00:06,83.58,28.65
2026-07-09T13:00:06,84.97,29.43
2026-07-09T14:00:06,86.13,30.07
2026-07-09T15:00:06,86.44,30.24
2026-07-09T16:00:06,94.23,34.57
2026-07-09T17:00:06,85.43,29.68
2026-07-09T18:00:06,84.97,29.43
2026-07-09T19:00:06,84.58,29.21
2026-07-09T20:00:06,82.96,28.31
2026-07-09T21:00:06,82.19,27.88
2026-07-09T22:00:06,82.11,27.84
2026-07-09T23:00:06,81.65,27.58
2026-07-10T00:00:06,81.57,27.54
2026-07-10T01:00:06,81.26,27.37
2026-07-10T02:00:06,80.72,27.07
2026-07-10T03:00:06,80.49,26.94
2026-07-10T04:00:06,80.18,26.77
2026-07-10T05:00:06,80.03,26.68
2026-07-10T06:00:06,79.87,26.6
2026-07-10T07:00:06,79.87,26.6
2026-07-10T08:00:06,80.18,26.77
2026-07-10T09:00:06,80.8,27.11
2026-07-10T10:00:06,80.95,27.2
2026-07-10T11:00:06,82.42,28.01
2026-07-10T12:00:06,83.42,28.57
2026-07-10T13:00:06,84.66,29.26
2026-07-10T14:00:06,85.43,29.68
2026-07-10T15:00:06,85.43,29.68
2026-07-10T16:00:06,85.05,29.47
2026-07-10T17:00:06,83.27,28.48
2026-07-10T18:00:06,82.57,28.1
2026-07-10T19:00:06,83.04,28.35
2026-07-10T20:00:06,81.8,27.67
2026-07-10T21:00:06,81.42,27.45
2026-07-10T22:00:06,81.11,27.28
2026-07-10T23:00:06,80.95,27.2
2026-07-11T00:00:06,80.72,27.07
2026-07-11T01:00:06,80.57,26.98
2026-07-11T02:00:06,80.26,26.81
2026-07-11T03:00:06,80.18,26.77
2026-07-11T04:00:06,79.79,26.55
2026-07-11T05:00:06,79.87,26.6
2026-07-11T06:00:06,79.49,26.38
2026-07-11T07:00:06,79.49,26.38
2026-07-11T08:00:06,80.03,26.68
2026-07-11T09:00:06,80.49,26.94
2026-07-11T10:00:06,81.34,27.41
2026-07-11T11:00:06,81.8,27.67
2026-07-11T12:00:06,83.42,28.57
2026-07-11T13:00:06,80.57,26.98
2026-07-11T14:00:06,82.96,28.31
2026-07-11T15:00:06,83.66,28.7
2026-07-11T16:00:06,85.05,29.47
2026-07-11T17:00:06,84.58,29.21
2026-07-11T18:00:06,84.27,29.04
2026-07-11T19:00:06,84.2,29.0
2026-07-11T20:00:06,83.04,28.35
2026-07-11T21:00:06,82.19,27.88
2026-07-11T22:00:06,81.73,27.63
2026-07-11T23:00:06,81.42,27.45
2026-07-12T00:00:06,81.11,27.28
2026-07-12T01:00:06,80.8,27.11
2026-07-12T02:00:06,80.8,27.11
2026-07-12T03:00:06,80.8,27.11
2026-07-12T04:00:06,80.88,27.15
2026-07-12T05:00:06,80.72,27.07
2026-07-12T06:00:06,80.64,27.02
2026-07-12T07:00:06,80.26,26.81
2026-07-12T08:00:06,80.34,26.85
2026-07-12T09:00:06,81.26,27.37
2026-07-12T10:00:06,81.8,27.67
2026-07-12T11:00:06,82.42,28.01
2026-07-12T12:00:06,83.35,28.53
2026-07-12T13:00:06,84.43,29.13
2026-07-12T14:00:06,85.35,29.64
2026-07-12T15:00:06,86.59,30.33
2026-07-12T16:00:06,94.85,34.92
2026-07-12T17:00:06,81.57,27.54
2026-07-12T18:00:06,80.26,26.81
2026-07-12T19:00:06,80.64,27.02
2026-07-12T20:00:06,79.72,26.51
2026-07-12T21:00:06,76.71,24.84
2026-07-12T22:00:06,76.94,24.97
2026-07-12T23:00:06,76.94,24.97
2026-07-13T00:00:06,77.25,25.14
2026-07-13T01:00:06,77.71,25.39
2026-07-13T02:00:06,77.63,25.35
2026-07-13T03:00:06,77.86,25.48
2026-07-13T04:00:06,77.25,25.14
2026-07-13T05:00:06,77.32,25.18
2026-07-13T06:00:06,78.02,25.57
2026-07-13T07:00:06,77.63,25.35
2026-07-13T08:00:06,78.79,25.99
2026-07-13T09:00:06,80.1,26.72
2026-07-13T10:00:06,82.27,27.93
2026-07-13T11:00:06,83.04,28.35
2026-07-13T12:00:06,86.2,30.11
2026-07-13T13:00:06,87.44,30.8
2026-07-13T14:00:06,82.57,28.1
2026-07-13T15:00:06,80.18,26.77
2026-07-13T16:00:06,87.9,31.06
2026-07-13T17:00:06,78.95,26.08
2026-07-13T18:00:06,76.86,24.92
2026-07-13T19:00:06,79.56,26.42
2026-07-13T20:00:06,77.79,25.44
2026-07-13T21:00:06,77.48,25.27
2026-07-13T22:00:06,77.79,25.44
2026-07-13T23:00:06,77.71,25.39
2026-07-14T00:00:06,77.01,25.01
2026-07-14T01:00:06,76.63,24.79
2026-07-14T02:00:06,76.55,24.75
2026-07-14T03:00:06,76.17,24.54
2026-07-14T04:00:06,76.86,24.92
2026-07-14T05:00:06,77.17,25.09
2026-07-14T06:00:06,77.09,25.05
2026-07-14T07:00:06,76.94,24.97
2026-07-14T08:00:06,76.94,24.97
2026-07-14T09:00:06,75.24,24.02
2026-07-14T10:00:06,77.25,25.14
2026-07-14T11:00:06,75.55,24.19
2026-07-14T12:00:06,74.62,23.68
2026-07-14T13:00:06,73.77,23.21
2026-07-14T14:00:06,74.16,23.42
2026-07-14T15:00:06,74.54,23.64
2026-07-14T16:00:06,76.01,24.45
2026-07-14T17:00:06,76.09,24.49
2026-07-14T18:00:06,75.93,24.41
2026-07-14T19:00:06,75.62,24.24
2026-07-14T20:00:06,74.93,23.85
2026-07-14T21:00:06,74.54,23.64
2026-07-14T22:00:06,74.54,23.64
2026-07-14T23:00:06,74.47,23.59
2026-07-15T00:00:06,74.47,23.59
2026-07-15T01:00:06,74.47,23.59
2026-07-15T02:00:06,74.7,23.72
2026-07-15T03:00:06,74.39,23.55
2026-07-15T04:00:06,74.54,23.64
2026-07-15T05:00:06,74.78,23.76
2026-07-15T06:00:06,74.93,23.85
2026-07-15T07:00:06,75.16,23.98
2026-07-15T08:00:06,76.55,24.75
2026-07-15T09:00:06,77.94,25.52
2026-07-15T10:00:06,79.79,26.55
2026-07-15T11:00:06,80.18,26.77
2026-07-15T12:00:06,80.18,26.77
2026-07-15T13:00:06,81.26,27.37
2026-07-15T14:00:06,82.88,28.27
2026-07-15T15:00:06,79.1,26.17
2026-07-15T16:00:06,81.18,27.32
2026-07-15T17:00:06,80.03,26.68
2026-07-15T18:00:06,79.49,26.38
2026-07-15T19:00:06,78.48,25.82
2026-07-15T20:00:06,76.78,24.88
2026-07-15T21:00:06,75.39,24.11
2026-07-15T22:00:06,75.55,24.19
2026-07-15T23:00:06,76.01,24.45
2026-07-16T00:00:06,76.4,24.66
2026-07-16T01:00:06,76.24,24.58
2026-07-16T02:00:06,76.01,24.45
2026-07-16T03:00:06,76.01,24.45
2026-07-16T04:00:06,76.24,24.58
2026-07-16T05:00:06,76.09,24.49
2026-07-16T06:00:06,76.32,24.62
2026-07-16T07:00:06,77.09,25.05
2026-07-16T08:00:06,78.25,25.69
2026-07-16T09:00:06,80.88,27.15
2026-07-16T10:00:06,82.42,28.01
2026-07-16T11:00:06,82.42,28.01
2026-07-16T12:00:06,84.58,29.21
2026-07-16T13:00:06,86.44,30.24
2026-07-16T14:00:06,88.44,31.36
2026-07-16T15:00:06,81.8,27.67
2026-07-16T16:00:06,79.79,26.55
2026-07-16T17:00:06,78.79,25.99
2026-07-16T18:00:06,79.95,26.64
2026-07-16T19:00:06,79.18,26.21
2026-07-16T20:00:06,78.95,26.08
2026-07-16T21:00:06,77.71,25.39
2026-07-16T22:00:06,77.17,25.09
2026-07-16T23:00:06,77.25,25.14
2026-07-17T00:00:06,77.56,25.31
2026-07-17T01:00:06,77.63,25.35
2026-07-17T02:00:06,77.63,25.35
2026-07-17T03:00:06,77.86,25.48
2026-07-17T04:00:06,77.56,25.31
2026-07-17T05:00:06,77.4,25.22
2026-07-17T06:00:06,77.17,25.09
2026-07-17T07:00:06,77.4,25.22
2026-07-17T08:00:06,78.64,25.91
2026-07-17T09:00:06,80.8,27.11
2026-07-17T10:00:06,82.57,28.1
2026-07-17T11:00:06,84.74,29.3
2026-07-17T12:00:06,85.59,29.77
2026-07-17T13:00:06,87.29,30.71
2026-07-17T14:00:06,88.21,31.23
2026-07-17T15:00:06,90.14,32.3
2026-07-17T16:00:06,88.75,31.53
2026-07-17T17:00:06,94.0,34.45
2026-07-17T18:00:06,100.18,37.88
2026-07-17T19:00:06,88.83,31.57
2026-07-17T20:00:06,84.81,29.34
2026-07-17T21:00:06,82.27,27.93
2026-07-17T22:00:06,81.26,27.37
2026-07-17T23:00:06,80.34,26.85
2026-07-18T00:00:06,79.25,26.25
2026-07-18T01:00:06,78.71,25.95
2026-07-18T02:00:06,78.17,25.65
2026-07-18T03:00:06,77.86,25.48
2026-07-18T04:00:06,77.63,25.35
2026-07-18T05:00:06,77.01,25.01
2026-07-18T06:00:06,77.63,25.35
2026-07-18T07:00:06,78.17,25.65
2026-07-18T08:00:06,78.95,26.08
2026-07-18T09:00:06,80.64,27.02
2026-07-18T10:00:06,81.96,27.75
2026-07-18T11:00:06,84.89,29.38
2026-07-18T12:00:06,86.9,30.5
2026-07-18T13:00:06,88.29,31.27
2026-07-18T14:00:06,89.68,32.04
2026-07-18T15:00:06,91.61,33.12
2026-07-18T16:00:06,91.38,32.99
2026-07-18T17:00:06,96.4,35.78
2026-07-18T18:00:06,102.42,39.12
2026-07-18T19:00:06,90.91,32.73
2026-07-18T20:00:06,86.44,30.24
2026-07-18T21:00:06,84.04,28.91
2026-07-18T22:00:06,82.57,28.1
2026-07-18T23:00:06,81.18,27.32
2026-07-19T00:00:06,80.03,26.68
2026-07-19T01:00:06,78.95,26.08
2026-07-19T02:00:06,78.17,25.65
2026-07-19T03:00:06,77.63,25.35
2026-07-19T04:00:06,77.25,25.14
2026-07-19T05:00:06,77.09,25.05
2026-07-19T06:00:06,76.63,24.79
2026-07-19T07:00:06,76.63,24.79
2026-07-19T08:00:06,77.48,25.27
2026-07-19T09:00:06,79.72,26.51
2026-07-19T10:00:06,82.11,27.84
2026-07-19T11:00:06,84.81,29.34
2026-07-19T12:00:06,86.98,30.54
2026-07-19T13:00:06,88.37,31.31
2026-07-19T14:00:06,89.83,32.13
2026-07-19T15:00:06,92.38,33.55
2026-07-19T16:00:06,91.22,32.9
2026-07-19T17:00:06,97.25,36.25
2026-07-19T18:00:06,104.58,40.32
2026-07-19T19:00:06,91.84,33.25
2026-07-19T20:00:06,85.74,29.86
2026-07-19T21:00:06,82.34,27.97
2026-07-19T22:00:06,81.49,27.5
2026-07-19T23:00:06,82.11,27.84
2026-07-20T00:00:06,80.88,27.15
2026-07-20T01:00:06,79.18,26.21
2026-07-20T02:00:06,77.86,25.48
2026-07-20T03:00:06,76.86,24.92
2026-07-20T04:00:06,76.63,24.79
2026-07-20T05:00:06,76.63,24.79
2026-07-20T06:00:06,77.4,25.22
2026-07-20T07:00:06,77.48,25.27
2026-07-20T08:00:06,78.48,25.82
2026-07-20T09:00:06,80.18,26.77
2026-07-20T10:00:06,81.49,27.5
2026-07-20T11:00:06,83.73,28.74
2026-07-20T12:00:06,85.59,29.77
2026-07-20T13:00:06,87.67,30.93
2026-07-20T14:00:06,89.37,31.87
2026-07-20T15:00:06,91.22,32.9
2026-07-20T16:00:06,90.76,32.64
2026-07-20T17:00:06,97.79,36.55
2026-07-20T18:00:06,107.05,41.7
2026-07-20T19:00:06,92.84,33.8
2026-07-20T20:00:06,85.35,29.64
2026-07-20T21:00:06,84.35,29.08
2026-07-20T22:00:06,84.27,29.04
2026-07-20T23:00:06,82.96,28.31
2026-07-21T00:00:06,80.49,26.94
2026-07-21T01:00:06,80.18,26.77
2026-07-21T02:00:06,78.48,25.82
2026-07-21T03:00:06,77.56,25.31
2026-07-21T04:00:06,76.71,24.84
2026-07-21T05:00:06,76.32,24.62
2026-07-21T06:00:06,76.47,24.71
2026-07-21T07:00:06,76.01,24.45
2026-07-21T08:00:06,77.17,25.09
2026-07-21T09:00:06,79.41,26.34
2026-07-21T10:00:06,81.73,27.63
2026-07-21T11:00:06,84.43,29.13
2026-07-21T12:00:06,86.74,30.41
2026-07-21T13:00:06,88.52,31.4
2026-07-21T14:00:06,90.06,32.26
2026-07-21T15:00:06,91.38,32.99
2026-07-21T16:00:06,91.61,33.12
2026-07-21T17:00:06,98.79,37.11
2026-07-21T18:00:06,107.36,41.87
2026-07-21T19:00:06,92.61,33.67
2026-07-21T20:00:06,85.82,29.9
2026-07-21T21:00:06,83.35,28.53
2026-07-21T22:00:06,82.11,27.84
2026-07-21T23:00:06,81.03,27.24
2026-07-22T00:00:06,80.64,27.02
2026-07-22T01:00:06,79.79,26.55
2026-07-22T02:00:06,79.25,26.25
2026-07-22T03:00:06,79.02,26.12
2026-07-22T04:00:06,78.56,25.87
2026-07-22T05:00:06,78.4,25.78
2026-07-22T06:00:06,78.25,25.69
2026-07-22T07:00:06,77.86,25.48
2026-07-22T08:00:06,79.72,26.51
2026-07-22T09:00:06,82.65,28.14
2026-07-22T10:00:06,85.51,29.73
2026-07-22T11:00:06,88.6,31.44
2026-07-22T12:00:06,90.53,32.52
2026-07-22T13:00:06,91.45,33.03
2026-07-22T14:00:06,92.92,33.85
2026-07-22T15:00:06,94.78,34.88
2026-07-22T16:00:06,94.47,34.7
2026-07-22T17:00:06,99.95,37.75
2026-07-22T18:00:06,108.13,42.3
2026-07-22T19:00:06,95.01,35.0
2026-07-22T20:00:06,89.99,32.22
2026-07-22T21:00:06,87.67,30.93
2026-07-22T22:00:06,85.28,29.6
2026-07-22T23:00:06,85.9,29.94
2026-07-23T00:00:06,85.12,29.51
2026-07-23T01:00:06,83.89,28.83
2026-07-23T02:00:06,82.88,28.27
2026-07-23T03:00:06,82.03,27.8
2026-07-23T04:00:06,81.57,27.54
2026-07-23T05:00:06,80.57,26.98
2026-07-23T06:00:06,79.64,26.47
2026-07-23T07:00:06,79.33,26.3
2026-07-23T08:00:06,80.26,26.81
2026-07-23T09:00:06,81.65,27.58
2026-07-23T10:00:06,83.81,28.78
2026-07-23T11:00:06,86.13,30.07
2026-07-23T12:00:06,88.21,31.23
2026-07-23T13:00:06,89.22,31.79
2026-07-23T14:00:06,90.61,32.56
2026-07-23T15:00:06,91.45,33.03
2026-07-23T16:00:06,91.53,33.07
2026-07-23T17:00:06,90.14,32.3
2026-07-23T18:00:06,90.06,32.26
2026-07-23T19:00:06,87.05,30.59
2026-07-23T20:00:06,85.82,29.9
2026-07-23T21:00:06,83.73,28.74
2026-07-23T22:00:06,83.27,28.48
2026-07-23T23:00:06,82.73,28.18
2026-07-24T00:00:06,80.1,26.72
2026-07-24T01:00:06,80.1,26.72
2026-07-24T02:00:06,80.1,26.72
2026-07-24T03:00:06,78.95,26.08
2026-07-24T04:00:06,78.48,25.82
2026-07-24T05:00:06,78.17,25.65
2026-07-24T06:00:06,78.02,25.57
2026-07-24T07:00:06,78.17,25.65
2026-07-24T08:00:06,79.56,26.42
2026-07-24T09:00:06,81.42,27.45
2026-07-24T10:00:06,83.35,28.53
2026-07-24T11:00:06,85.59,29.77
2026-07-24T12:00:06,87.59,30.89
2026-07-24T13:00:06,89.68,32.04
2026-07-24T14:00:06,90.37,32.43
2026-07-24T15:00:06,91.45,33.03
2026-07-24T16:00:06,92.69,33.72
2026-07-24T17:00:06,96.71,35.95
2026-07-24T18:00:06,99.87,37.71
2026-07-24T19:00:06,90.45,32.47
2026-07-24T20:00:06,86.28,30.16
2026-07-24T21:00:06,84.04,28.91
2026-07-24T22:00:06,83.12,28.4
2026-07-24T23:00:06,81.73,27.63
2026-07-25T00:00:06,80.72,27.07
2026-07-25T01:00:06,79.79,26.55
2026-07-25T02:00:06,78.71,25.95
2026-07-25T03:00:06,78.02,25.57
2026-07-25T04:00:06,78.33,25.74
2026-07-25T05:00:06,78.64,25.91
2026-07-25T06:00:06,78.71,25.95
2026-07-25T07:00:06,78.48,25.82
2026-07-25T08:00:06,79.41,26.34
2026-07-25T09:00:06,81.49,27.5
2026-07-25T10:00:06,82.73,28.18
2026-07-25T11:00:06,84.89,29.38
2026-07-25T12:00:06,85.59,29.77
2026-07-25T13:00:06,88.21,31.23
2026-07-25T14:00:06,90.45,32.47
2026-07-25T15:00:06,91.15,32.86
2026-07-25T16:00:06,91.84,33.25
2026-07-25T17:00:06,96.55,35.86
2026-07-25T18:00:06,104.51,40.28
2026-07-25T19:00:06,90.68,32.6
2026-07-25T20:00:06,86.44,30.24
2026-07-25T21:00:06,85.28,29.6
2026-07-25T22:00:06,83.27,28.48
2026-07-25T23:00:06,81.73,27.63
2026-07-26T00:00:06,80.49,26.94
2026-07-26T01:00:06,79.33,26.3
2026-07-26T02:00:06,78.4,25.78
2026-07-26T03:00:06,77.4,25.22
2026-07-26T04:00:06,78.95,26.08
2026-07-26T05:00:06,85.35,29.64
2026-07-26T06:00:06,86.28,30.16
2026-07-26T07:00:06,78.64,25.91
2026-07-26T08:00:06,78.4,25.78
2026-07-26T09:00:06,80.1,26.72
2026-07-26T10:00:06,82.03,27.8
2026-07-26T11:00:06,83.5,28.61
2026-07-26T12:00:06,85.2,29.56
2026-07-26T13:00:06,87.52,30.84
2026-07-26T14:00:06,88.37,31.31
2026-07-26T15:00:06,90.14,32.3
2026-07-26T16:00:06,91.61,33.12
2026-07-26T17:00:06,95.7,35.39
2026-07-26T18:00:06,106.74,41.52
2026-07-26T19:00:06,90.99,32.77
2026-07-26T20:00:06,86.82,30.46
2026-07-26T21:00:06,84.27,29.04
2026-07-26T22:00:06,84.89,29.38
2026-07-26T23:00:06,83.19,28.44
2026-07-27T00:00:06,81.96,27.75
2026-07-27T01:00:06,80.64,27.02
2026-07-27T02:00:06,79.64,26.47
2026-07-27T03:00:06,78.56,25.87
2026-07-27T04:00:06,77.86,25.48
2026-07-27T05:00:06,77.63,25.35
2026-07-27T06:00:06,77.32,25.18
2026-07-27T07:00:06,77.32,25.18
2026-07-27T08:00:06,78.64,25.91
2026-07-27T09:00:06,80.95,27.2
2026-07-27T10:00:06,83.19,28.44
2026-07-27T11:00:06,85.43,29.68
2026-07-27T12:00:06,88.52,31.4
2026-07-27T13:00:06,89.52,31.96
2026-07-27T14:00:06,90.53,32.52
2026-07-27T15:00:06,92.77,33.76
2026-07-27T16:00:06,93.77,34.32
2026-07-27T17:00:06,96.4,35.78
2026-07-27T18:00:06,107.05,41.7
2026-07-27T19:00:06,91.69,33.16
2026-07-27T20:00:06,87.13,30.63
2026-07-27T21:00:06,84.97,29.43
2026-07-27T22:00:06,83.89,28.83
2026-07-27T23:00:06,82.5,28.05
2026-07-28T00:00:06,80.64,27.02
2026-07-28T01:00:06,79.1,26.17
2026-07-28T02:00:06,77.94,25.52
2026-07-28T03:00:06,77.01,25.01
2026-07-28T04:00:06,76.47,24.71
2026-07-28T05:00:06,76.09,24.49
2026-07-28T06:00:06,75.93,24.41
2026-07-28T07:00:06,76.24,24.58
2026-07-28T08:00:06,77.63,25.35
2026-07-28T09:00:06,80.49,26.94
2026-07-28T10:00:06,82.57,28.1
2026-07-28T11:00:06,85.51,29.73
2026-07-28T12:00:06,89.99,32.22
2026-07-28T13:00:06,89.06,31.7
2026-07-28T14:00:06,89.99,32.22
2026-07-28T15:00:06,92.61,33.67
2026-07-28T16:00:06,93.62,34.23
2026-07-28T17:00:06,96.24,35.69
2026-07-28T18:00:06,105.35,40.75
2026-07-28T19:00:06,91.92,33.29
2026-07-28T20:00:06,88.13,31.19
2026-07-28T21:00:06,85.35,29.64
2026-07-28T22:00:06,83.81,28.78
2026-07-28T23:00:06,82.11,27.84
2026-07-29T00:00:06,80.64,27.02
2026-07-29T01:00:06,79.18,26.21
2026-07-29T02:00:06,78.1,25.61
2026-07-29T03:00:06,77.94,25.52
2026-07-29T04:00:06,77.09,25.05
2026-07-29T05:00:06,76.94,24.97
2026-07-29T06:00:06,76.86,24.92
2026-07-29T07:00:06,76.55,24.75
2026-07-29T08:00:06,77.86,25.48
2026-07-29T09:00:06,80.72,27.07
2026-07-29T10:00:06,82.5,28.05
2026-07-29T11:00:06,86.44,30.24
2026-07-29T12:00:06,88.75,31.53
2026-07-29T13:00:06,90.37,32.43
2026-07-29T14:00:06,92.23,33.46
2026-07-29T15:00:06,91.92,33.29
2026-07-29T16:00:06,94.78,34.88
2026-07-29T17:00:06,96.4,35.78
2026-07-29T18:00:06,100.18,37.88
2026-07-29T19:00:06,91.07,32.82
2026-07-29T20:00:06,88.29,31.27
2026-07-29T21:00:06,85.74,29.86
2026-07-29T22:00:06,84.04,28.91
2026-07-29T23:00:06,82.5,28.05
2026-07-30T00:00:06,80.95,27.2
2026-07-30T01:00:06,79.56,26.42
2026-07-30T02:00:06,78.4,25.78
2026-07-30T03:00:06,78.25,25.69
2026-07-30T04:00:06,78.1,25.61
2026-07-30T05:00:06,78.17,25.65
2026-07-30T06:00:06,78.02,25.57
2026-07-30T07:00:06,78.48,25.82
2026-07-30T08:00:06,79.79,26.55
2026-07-30T09:00:06,81.88,27.71
2026-07-30T10:00:06,84.97,29.43
2026-07-30T11:00:06,86.67,30.37
2026-07-30T12:00:06,90.06,32.26
2026-07-30T13:00:06,91.07,32.82
2026-07-30T14:00:06,92.15,33.42
2026-07-30T15:00:06,94.85,34.92
2026-07-30T16:00:06,94.78,34.88
2026-07-30T17:00:06,95.86,35.48
2026-07-30T18:00:06,105.74,40.97
2026-07-30T19:00:06,92.23,33.46
2026-07-30T20:00:06,88.83,31.57
2026-07-30T21:00:06,86.44,30.24
2026-07-30T22:00:06,84.58,29.21
2026-07-30T23:00:06,82.96,28.31
2026-07-31T00:00:06,81.57,27.54
2026-07-31T01:00:06,80.1,26.72
2026-07-31T02:00:06,79.02,26.12
2026-07-31T03:00:06,78.4,25.78
2026-07-31T04:00:06,77.63,25.35
2026-07-31T05:00:06,77.25,25.14
2026-07-31T06:00:06,76.86,24.92
2026-07-31T07:00:06,77.17,25.09
2026-07-31T08:00:06,78.64,25.91
2026-07-31T09:00:06,80.26,26.81
2026-07-31T10:00:06,83.89,28.83
2026-07-31T11:00:06,84.89,29.38
2026-07-31T12:00:06,88.75,31.53
2026-07-31T13:00:06,89.76,32.09
2026-07-31T14:00:06,90.68,32.6
2026-07-31T15:00:06,93.93,34.4
2026-07-31T16:00:06,94.85,34.92
2026-07-31T17:00:06,96.47,35.82
2026-07-31T18:00:06,107.75,42.08
2026-07-31T19:00:06,92.23,33.46
2026-07-31T20:00:06,88.52,31.4
2026-07-31T21:00:06,85.66,29.81
2026-07-31T22:00:06,84.66,29.26
2026-07-31T23:00:06,83.58,28.65
2026-08-01T00:00:06,82.27,27.93
2026-08-01T01:00:06,81.03,27.24
2026-08-01T02:00:06,79.95,26.64
2026-08-01T03:00:06,78.79,25.99
2026-08-01T04:00:06,78.48,25.82
2026-08-01T05:00:06,78.79,25.99
2026-08-01T06:00:06,78.71,25.95
2026-08-01T07:00:06,79.02,26.12
2026-08-01T08:00:06,79.72,26.51
2026-08-01T09:00:06,80.64,27.02
2026-08-01T10:00:06,82.73,28.18
2026-08-01T11:00:06,81.65,27.58
2026-08-01T12:00:06,84.97,29.43
2026-08-01T13:00:06,87.9,31.06
2026-08-01T14:00:06,89.83,32.13
2026-08-01T15:00:06,90.91,32.73
2026-08-01T16:00:06,90.37,32.43
2026-08-01T17:00:06,88.52,31.4
2026-08-01T18:00:06,85.82,29.9
2026-08-01T19:00:06,84.97,29.43
2026-08-01T20:00:06,83.96,28.87
2026-08-01T21:00:06,83.04,28.35
2026-08-01T22:00:06,81.65,27.58
2026-08-01T23:00:06,80.18,26.77
2026-08-02T00:00:06,80.49,26.94
2026-08-02T01:00:06,79.56,26.42
2026-08-02T02:00:06,79.79,26.55
2026-08-02T03:00:06,80.1,26.72
2026-08-02T04:00:06,79.41,26.34
2026-08-02T05:00:06,78.79,25.99
2026-08-02T06:00:06,78.02,25.57
2026-08-02T07:00:06,77.32,25.18
2026-08-02T08:00:06,77.4,25.22
2026-08-02T09:00:06,79.87,26.6
2026-08-02T10:00:06,82.73,28.18
2026-08-02T11:00:06,84.74,29.3
2026-08-02T12:00:06,87.05,30.59
2026-08-02T13:00:06,88.98,31.66
2026-08-02T14:00:06,89.68,32.04
2026-08-02T15:00:06,93.62,34.23
2026-08-02T16:00:06,93.54,34.19
2026-08-02T17:00:06,96.94,36.08
2026-08-02T18:00:06,108.44,42.47
2026-08-02T19:00:06,90.53,32.52
2026-08-02T20:00:06,85.97,29.98
2026-08-02T21:00:06,83.5,28.61
2026-08-02T22:00:06,81.18,27.32
2026-08-02T23:00:06,78.56,25.87
2026-08-03T00:00:06,77.86,25.48
2026-08-03T01:00:06,77.09,25.05
2026-08-03T02:00:06,75.78,24.32
2026-08-03T03:00:06,76.4,24.66
2026-08-03T04:00:06,75.93,24.41
2026-08-03T05:00:06,75.01,23.89
2026-08-03T06:00:06,74.31,23.51
2026-08-03T07:00:06,74.08,23.38
2026-08-03T08:00:06,76.09,24.49
2026-08-03T09:00:06,79.64,26.47
2026-08-03T10:00:06,82.88,28.27
2026-08-03T11:00:06,86.13,30.07
2026-08-03T12:00:06,88.68,31.49
2026-08-03T13:00:06,90.37,32.43
2026-08-03T14:00:06,91.92,33.29
2026-08-03T15:00:06,94.16,34.53
2026-08-03T16:00:06,94.93,34.96
2026-08-03T17:00:06,96.09,35.6
2026-08-03T18:00:06,106.44,41.35
2026-08-03T19:00:06,90.91,32.73
2026-08-03T20:00:06,85.97,29.98
2026-08-03T21:00:06,82.27,27.93
2026-08-03T22:00:06,81.96,27.75
2026-08-03T23:00:06,82.42,28.01
2026-08-04T00:00:06,81.18,27.32
2026-08-04T01:00:06,79.72,26.51
2026-08-04T02:00:06,78.64,25.91
2026-08-04T03:00:06,78.1,25.61
2026-08-04T04:00:06,78.4,25.78
2026-08-04T05:00:06,78.64,25.91
2026-08-04T06:00:06,78.25,25.69
2026-08-04T07:00:06,78.79,25.99
2026-08-04T08:00:06,79.64,26.47
2026-08-04T09:00:06,81.73,27.63
2026-08-04T10:00:06,83.12,28.4
2026-08-04T11:00:06,85.97,29.98
2026-08-04T12:00:06,88.21,31.23
2026-08-04T13:00:06,90.45,32.47
2026-08-04T14:00:06,91.69,33.16
2026-08-04T15:00:06,93.62,34.23
2026-08-04T16:00:06,95.55,35.3
2026-08-04T17:00:06,96.17,35.65
2026-08-04T18:00:06,102.42,39.12
2026-08-04T19:00:06,91.45,33.03
2026-08-04T20:00:06,88.83,31.57
2026-08-04T21:00:06,87.05,30.59
2026-08-04T22:00:06,85.12,29.51
2026-08-04T23:00:06,83.73,28.74
2026-08-05T00:00:06,82.34,27.97
2026-08-05T01:00:06,81.18,27.32
2026-08-05T02:00:06,80.1,26.72
2026-08-05T03:00:06,79.49,26.38
2026-08-05T04:00:06,78.95,26.08
2026-08-05T05:00:06,79.02,26.12
2026-08-05T06:00:06,78.79,25.99
2026-08-05T07:00:06,78.79,25.99
2026-08-05T08:00:06,79.41,26.34
2026-08-05T09:00:06,80.49,26.94
2026-08-05T10:00:06,83.5,28.61
2026-08-05T11:00:06,85.43,29.68
2026-08-05T12:00:06,87.98,31.1
2026-08-05T13:00:06,90.14,32.3
2026-08-05T14:00:06,91.38,32.99
2026-08-05T15:00:06,95.01,35.0
2026-08-05T16:00:06,95.7,35.39
2026-08-05T17:00:06,94.93,34.96
2026-08-05T18:00:06,100.49,38.05
2026-08-05T19:00:06,90.99,32.77
2026-08-05T20:00:06,88.29,31.27
2026-08-05T21:00:06,86.36,30.2
2026-08-05T22:00:06,84.66,29.26
2026-08-05T23:00:06,83.12,28.4
2026-08-06T00:00:06,81.8,27.67
2026-08-06T01:00:06,80.8,27.11
2026-08-06T02:00:06,79.79,26.55
2026-08-06T03:00:06,79.18,26.21
2026-08-06T04:00:06,78.48,25.82
2026-08-06T05:00:06,78.02,25.57
2026-08-06T06:00:06,78.17,25.65
2026-08-06T07:00:06,78.48,25.82
2026-08-06T08:00:06,79.49,26.38
2026-08-06T09:00:06,80.57,26.98
2026-08-06T10:00:06,83.35,28.53
2026-08-06T11:00:06,86.2,30.11
2026-08-06T12:00:06,87.36,30.76
2026-08-06T13:00:06,91.61,33.12
2026-08-06T14:00:06,93.0,33.89
2026-08-06T15:00:06,95.86,35.48
2026-08-06T16:00:06,94.47,34.7
2026-08-06T17:00:06,95.39,35.22
2026-08-06T18:00:06,104.89,40.5
2026-08-06T19:00:06,89.22,31.79
2026-08-06T20:00:06,86.36,30.2
2026-08-06T21:00:06,84.2,29.0
2026-08-06T22:00:06,82.81,28.23
2026-08-06T23:00:06,81.96,27.75
2026-08-07T00:00:06,81.03,27.24
2026-08-07T01:00:06,80.49,26.94
2026-08-07T02:00:06,79.95,26.64
2026-08-07T03:00:06,79.33,26.3
2026-08-07T04:00:06,78.95,26.08
2026-08-07T05:00:06,78.95,26.08
2026-08-07T06:00:06,78.64,25.91
2026-08-07T07:00:06,78.33,25.74
2026-08-07T08:00:06,79.49,26.38
2026-08-07T09:00:06,81.65,27.58
2026-08-07T10:00:06,84.81,29.34
2026-08-07T11:00:06,85.43,29.68
2026-08-07T12:00:06,87.75,30.97
2026-08-07T13:00:06,89.45,31.92
2026-08-07T14:00:06,91.61,33.12
2026-08-07T15:00:06,95.16,35.09
2026-08-07T16:00:06,95.08,35.05
2026-08-07T17:00:06,94.31,34.62
2026-08-07T18:00:06,105.51,40.84
2026-08-07T19:00:06,90.68,32.6
2026-08-07T20:00:06,86.28,30.16
2026-08-07T21:00:06,84.51,29.17
2026-08-07T22:00:06,82.96,28.31
2026-08-07T23:00:06,81.88,27.71
2026-08-08T00:00:06,81.11,27.28
2026-08-08T01:00:06,80.26,26.81
2026-08-08T02:00:06,79.41,26.34
2026-08-08T03:00:06,78.4,25.78
2026-08-08T04:00:06,77.56,25.31
2026-08-08T05:00:06,77.48,25.27
2026-08-08T06:00:06,77.01,25.01
2026-08-08T07:00:06,77.01,25.01
2026-08-08T08:00:06,78.25,25.69
2026-08-08T09:00:06,80.95,27.2
2026-08-08T10:00:06,83.66,28.7
2026-08-08T11:00:06,85.9,29.94
2026-08-08T12:00:06,88.06,31.14
2026-08-08T13:00:06,90.3,32.39
2026-08-08T14:00:06,89.29,31.83
2026-08-08T15:00:06,94.78,34.88
2026-08-08T16:00:06,93.77,34.32
2026-08-08T17:00:06,94.39,34.66
2026-08-08T18:00:06,87.05,30.59
2026-08-08T19:00:06,84.35,29.08
2026-08-08T20:00:06,83.5,28.61
2026-08-08T21:00:06,83.04,28.35
2026-08-08T22:00:06,82.65,28.14
2026-08-08T23:00:06,82.27,27.93
2026-08-09T00:00:06,82.27,27.93
2026-08-09T01:00:06,82.19,27.88
2026-08-09T02:00:06,81.42,27.45
2026-08-09T03:00:06,81.18,27.32
2026-08-09T04:00:06,81.34,27.41
2026-08-09T05:00:06,80.72,27.07
2026-08-09T06:00:06,80.8,27.11
2026-08-09T07:00:06,80.41,26.9
2026-08-09T08:00:06,80.57,26.98
2026-08-09T09:00:06,81.42,27.45
2026-08-09T10:00:06,81.96,27.75
2026-08-09T11:00:06,83.58,28.65
2026-08-09T12:00:06,86.51,30.28
2026-08-09T13:00:06,86.28,30.16
2026-08-09T14:00:06,89.14,31.74
2026-08-09T15:00:06,91.69,33.16
2026-08-09T16:00:06,87.21,30.67
2026-08-09T17:00:06,86.2,30.11
2026-08-09T18:00:06,86.44,30.24
2026-08-09T19:00:06,84.27,29.04
2026-08-09T20:00:06,83.35,28.53
2026-08-09T21:00:06,82.96,28.31
2026-08-09T22:00:06,82.81,28.23
2026-08-09T23:00:06,82.42,28.01
2026-08-10T00:00:06,81.8,27.67
2026-08-10T01:00:06,81.26,27.37
2026-08-10T02:00:06,81.03,27.24
2026-08-10T03:00:06,80.72,27.07
2026-08-10T04:00:06,80.72,27.07
2026-08-10T05:00:06,80.95,27.2
2026-08-10T06:00:06,80.64,27.02
2026-08-10T07:00:06,80.49,26.94
2026-08-10T08:00:06,80.72,27.07
2026-08-10T09:00:06,81.42,27.45
2026-08-10T10:00:06,82.57,28.1
2026-08-10T11:00:06,83.12,28.4
2026-08-10T12:00:06,84.81,29.34
2026-08-10T13:00:06,86.74,30.41
2026-08-10T14:00:06,87.21,30.67
2026-08-10T15:00:06,87.13,30.63
2026-08-10T16:00:06,85.74,29.86
2026-08-10T17:00:06,85.12,29.51
2026-08-10T18:00:06,83.81,28.78
2026-08-10T19:00:06,82.65,28.14
2026-08-10T20:00:06,81.73,27.63
2026-08-10T21:00:06,81.34,27.41
2026-08-10T22:00:06,80.88,27.15
2026-08-10T23:00:06,80.49,26.94
2026-08-11T00:00:06,80.26,26.81
2026-08-11T01:00:06,80.34,26.85
2026-08-11T02:00:06,80.34,26.85
2026-08-11T03:00:06,80.34,26.85
2026-08-11T04:00:06,80.49,26.94
2026-08-11T05:00:06,80.49,26.94
2026-08-11T06:00:06,80.72,27.07
2026-08-11T07:00:06,80.88,27.15
2026-08-11T08:00:06,81.18,27.32
2026-08-11T09:00:06,82.19,27.88
2026-08-11T10:00:06,83.12,28.4
2026-08-11T11:00:06,85.51,29.73
2026-08-11T12:00:06,85.59,29.77
2026-08-11T13:00:06,87.29,30.71
2026-08-11T14:00:06,89.45,31.92
2026-08-11T15:00:06,100.26,37.92
2026-08-11T16:00:06,89.76,32.09
2026-08-11T17:00:06,88.52,31.4
2026-08-11T18:00:06,89.45,31.92
2026-08-11T19:00:06,86.51,30.28
2026-08-11T20:00:06,85.59,29.77
2026-08-11T21:00:06,84.58,29.21
2026-08-11T22:00:06,83.96,28.87
2026-08-11T23:00:06,83.42,28.57
2026-08-12T00:00:06,82.96,28.31
2026-08-12T01:00:06,82.42,28.01
2026-08-12T02:00:06,81.96,27.75
2026-08-12T03:00:06,81.57,27.54
2026-08-12T04:00:06,81.42,27.45
2026-08-12T05:00:06,81.26,27.37
2026-08-12T06:00:06,81.03,27.24
2026-08-12T07:00:06,80.88,27.15
2026-08-12T08:00:06,80.88,27.15
2026-08-12T09:00:06,81.88,27.71
2026-08-12T10:00:06,83.04,28.35
2026-08-12T11:00:06,84.74,29.3
2026-08-12T12:00:06,85.82,29.9
2026-08-12T13:00:06,87.44,30.8
2026-08-12T14:00:06,89.83,32.13
2026-08-12T15:00:06,101.11,38.39
2026-08-12T16:00:06,89.06,31.7
2026-08-12T17:00:06,87.67,30.93
2026-08-12T18:00:06,87.29,30.71
2026-08-12T19:00:06,85.66,29.81
2026-08-12T20:00:06,84.74,29.3
2026-08-12T21:00:06,83.96,28.87
2026-08-12T22:00:06,83.5,28.61
2026-08-12T23:00:06,82.88,28.27
2026-08-13T00:00:06,82.42,28.01
2026-08-13T01:00:06,82.03,27.8
2026-08-13T02:00:06,81.8,27.67
2026-08-13T03:00:06,81.88,27.71
2026-08-13T04:00:06,81.49,27.5
2026-08-13T05:00:06,81.49,27.5
2026-08-13T06:00:06,81.11,27.28
2026-08-13T07:00:06,80.72,27.07
2026-08-13T08:00:06,80.95,27.2
2026-08-13T09:00:06,81.57,27.54
2026-08-13T10:00:06,82.27,27.93
2026-08-13T11:00:06,85.35,29.64
2026-08-13T12:00:06,87.29,30.71
2026-08-13T13:00:06,88.75,31.53
2026-08-13T14:00:06,90.84,32.69
2026-08-13T15:00:06,100.34,37.96
2026-08-13T16:00:06,89.45,31.92
2026-08-13T17:00:06,87.59,30.89
2026-08-13T18:00:06,88.44,31.36
2026-08-13T19:00:06,85.82,29.9
2026-08-13T20:00:06,84.89,29.38
2026-08-13T21:00:06,84.04,28.91
2026-08-13T22:00:06,83.42,28.57
2026-08-13T23:00:06,83.12,28.4
2026-08-14T00:00:06,82.65,28.14
2026-08-14T01:00:06,82.27,27.93
2026-08-14T02:00:06,82.11,27.84
2026-08-14T03:00:06,81.96,27.75
2026-08-14T04:00:06,81.65,27.58
2026-08-14T05:00:06,81.49,27.5
2026-08-14T06:00:06,81.42,27.45
2026-08-14T07:00:06,81.18,27.32
2026-08-14T08:00:06,81.26,27.37
2026-08-14T09:00:06,81.57,27.54
2026-08-14T10:00:06,83.66,28.7
2026-08-14T11:00:06,83.5,28.61
2026-08-14T12:00:06,86.59,30.33
2026-08-14T13:00:06,88.21,31.23
2026-08-14T14:00:06,88.37,31.31
2026-08-14T15:00:06,94.39,34.66
2026-08-14T16:00:06,89.06,31.7
2026-08-14T17:00:06,86.67,30.37
2026-08-14T18:00:06,86.9,30.5
2026-08-14T19:00:06,85.05,29.47
2026-08-14T20:00:06,84.43,29.13
2026-08-14T21:00:06,83.89,28.83
2026-08-14T22:00:06,83.42,28.57
2026-08-14T23:00:06,82.88,28.27
2026-08-15T00:00:06,82.5,28.05
2026-08-15T01:00:06,81.65,27.58
2026-08-15T02:00:06,81.42,27.45
2026-08-15T03:00:06,81.18,27.32
2026-08-15T04:00:06,81.03,27.24
2026-08-15T05:00:06,80.95,27.2
2026-08-15T06:00:06,80.8,27.11
2026-08-15T07:00:06,80.88,27.15
2026-08-15T08:00:06,81.42,27.45
2026-08-15T09:00:06,82.19,27.88
2026-08-15T10:00:06,83.19,28.44
2026-08-15T11:00:06,83.81,28.78
2026-08-15T12:00:06,86.51,30.28
2026-08-15T13:00:06,87.44,30.8
2026-08-15T14:00:06,87.59,30.89
2026-08-15T15:00:06,97.63,36.46
2026-08-15T16:00:06,88.75,31.53
2026-08-15T17:00:06,87.67,30.93
2026-08-15T18:00:06,87.52,30.84
2026-08-15T19:00:06,86.13,30.07
2026-08-15T20:00:06,85.05,29.47
2026-08-15T21:00:06,84.51,29.17
2026-08-15T22:00:06,83.81,28.78
2026-08-15T23:00:06,82.96,28.31
2026-08-16T00:00:06,82.27,27.93
2026-08-16T01:00:06,81.49,27.5
2026-08-16T02:00:06,81.18,27.32
2026-08-16T03:00:06,81.03,27.24
2026-08-16T04:00:06,80.95,27.2
2026-08-16T05:00:06,80.34,26.85
2026-08-16T06:00:06,80.1,26.72
2026-08-16T07:00:06,79.72,26.51
2026-08-16T08:00:06,79.87,26.6
2026-08-16T09:00:06,80.8,27.11
2026-08-16T10:00:06,81.57,27.54
2026-08-16T11:00:06,83.12,28.4
2026-08-16T12:00:06,84.74,29.3
2026-08-16T13:00:06,85.97,29.98
2026-08-16T14:00:06,87.75,30.97
2026-08-16T15:00:06,100.03,37.79
2026-08-16T16:00:06,88.06,31.14
2026-08-16T17:00:06,86.28,30.16
2026-08-16T18:00:06,86.98,30.54
2026-08-16T19:00:06,85.43,29.68
2026-08-16T20:00:06,84.51,29.17
2026-08-16T21:00:06,83.35,28.53
2026-08-16T22:00:06,82.5,28.05
2026-08-16T23:00:06,82.11,27.84
2026-08-17T00:00:06,81.73,27.63
2026-08-17T01:00:06,81.34,27.41
2026-08-17T02:00:06,80.8,27.11
2026-08-17T03:00:06,80.49,26.94
2026-08-17T04:00:06,80.1,26.72
2026-08-17T05:00:06,79.79,26.55
2026-08-17T06:00:06,80.1,26.72
2026-08-17T07:00:06,79.79,26.55
2026-08-17T08:00:06,79.95,26.64
2026-08-17T09:00:06,80.95,27.2
2026-08-17T10:00:06,82.19,27.88
2026-08-17T11:00:06,83.19,28.44
2026-08-17T12:00:06,84.74,29.3
2026-08-17T13:00:06,86.51,30.28
2026-08-17T14:00:06,87.52,30.84
2026-08-17T15:00:06,98.87,37.15
2026-08-17T16:00:06,88.21,31.23
2026-08-17T17:00:06,86.44,30.24
2026-08-17T18:00:06,86.51,30.28
2026-08-17T19:00:06,85.05,29.47
2026-08-17T20:00:06,84.2,29.0
2026-08-17T21:00:06,83.35,28.53
2026-08-17T22:00:06,82.42,28.01
2026-08-17T23:00:06,81.88,27.71
2026-08-18T00:00:06,81.49,27.5
2026-08-18T01:00:06,81.11,27.28
2026-08-18T02:00:06,80.72,27.07
2026-08-18T03:00:06,81.11,27.28
2026-08-18T04:00:06,80.41,26.9
2026-08-18T05:00:06,80.57,26.98
2026-08-18T06:00:06,79.95,26.64
2026-08-18T07:00:06,79.87,26.6
2026-08-18T08:00:06,80.1,26.72
2026-08-18T09:00:06,80.88,27.15
2026-08-18T10:00:06,81.88,27.71
2026-08-18T11:00:06,83.35,28.53
2026-08-18T12:00:06,85.35,29.64
2026-08-18T13:00:06,86.98,30.54
2026-08-18T14:00:06,89.06,31.7
2026-08-18T15:00:06,98.17,36.76
2026-08-18T16:00:06,88.52,31.4
2026-08-18T17:00:06,86.51,30.28
2026-08-18T18:00:06,86.98,30.54
2026-08-18T19:00:06,85.82,29.9
2026-08-18T20:00:06,85.2,29.56
2026-08-18T21:00:06,84.43,29.13
2026-08-18T22:00:06,83.81,28.78
2026-08-18T23:00:06,83.04,28.35
2026-08-19T00:00:06,82.65,28.14
2026-08-19T01:00:06,81.96,27.75
2026-08-19T02:00:06,81.57,27.54
2026-08-19T03:00:06,81.26,27.37
2026-08-19T04:00:06,81.11,27.28
2026-08-19T05:00:06,81.11,27.28
2026-08-19T06:00:06,81.03,27.24
2026-08-19T07:00:06,80.64,27.02
2026-08-19T08:00:06,80.95,27.2
